,タグ,子タグ,孫タグ,説明,用例,備考,備考2,備考3,その他 例1,その他 例2,,,,,,,,,,,,,,
全般,CooldownRequired,,,"PortalCooldownが0でないかどうかを見るタグ。
厳密な時間経過で消滅させる。
重めなので、曖昧で良いなら↓のタグを使う。","Tags:[CooldownRequired],PortalCooldown:100",,,,,,,,,,,,,,,,,,,
全般,TickingRequired,,,"PortalCooldownが更新されているかを見るタグ。
曖昧な時間経過、またはチャンク凍結で消滅させる。","Tags:[TickingRequired],PortalCooldown:100",,,,,,,,,,,,,,,,,,,
全般,Vehicle,,,"Passengersが存在するかを見るタグ。
上に乗っているエンティティが無くなると消滅する。","Tags:[Vehicle],Passengers:[{id:""minecraft:creeper""}]",,,,,,,,,,,,,,,,,,,
全般,,Anchored,Anchor,"消滅させたいエンティティにVehicleとAnchoredを付与し、
騎乗しているエンティティにAnchorを付与することで、
Anchorを付与したエンティティが消滅するとAnchoredで関連付けたエンティティが消滅する。","Tags:[Vehicle,Anchored],Passengers:[{id:""minecraft:creeper"",Tags:[Anchor]}]",,,,,,,,,,,,,,,,,,,
全般,Cargo,,,"Muleタグ(内部タグ)を持つエンティティに運ばれているかを見るタグ。
下のエンティティが無くなると消滅する。
CooldownRequired(PortalCooldown)/TickingRequiredとは併用できない。
※最大で10エンティティまで対応","Passengers:[{id:creeper,Tags:[Cargo]}]",,,,,,,,,,,,,,,,,,,
全般,AbovePlayer,,,エンティティとして発生した瞬間に、プレイヤーの頭上にテレポートするタグ。,Tags:[AbovePlayer],,,,,,,,,,,,,,,,,,,
全般,AboveEnemy,,,エンティティとして発生した瞬間に、近くの敵対生物の５ｍ上にテレポートするタグ。,Tags:[AboveEnemy],,,,,,,,,,,,,,,,,,,
全般,FollowPlayer,,,"プレイヤーをふよふよと追尾するタグ。
１秒毎に実行される。
生物以外の場合Modifiers指定ができないので、
上下移動の間隔はいじれない。",Tags:[FollowPlayer],,,,,,,,,,,,,,,,,,,
全般,Homing,"Homing1
Homing2
Homing4
Homing8
Homing16",,"プレイヤーを追尾するタグ(※ゆっくりとプレイヤーに向く方向を変える)
指定した角度分、プレイヤーに近い側に旋回する。
角度は5つの子タグの合計値で指定する。
Swimと併用可能だが、「FacingPlayer」は付けないこと。
※今のところMOBにしか対応していない。","Tags:[Homing,Homing2,Homing8]",←旋回角度10度,,,,,,,,,,,,,,,,,,
全般,,HomingVertical,,旋回を垂直方向に限定するタグ。,"Tags:[Homing,Homing2,Homing8,HomingVertical]",,,,,,,,,,,,,,,,,,,
全般,,HomingHorizontal,,旋回を水平方向に限定するタグ。,"Tags:[Homing,Homing2,Homing8,HomingHorizontal]",,,,,,,,,,,,,,,,,,,
モブ・生物,Mob,,,"敵対生物以外を敵に指定するためのタグ。
スキルが当たるようになる。",Tags:[Mob],,,,,,,,,,,,,,,,,,,
モブ・生物,AbyssWarp,,,"奈落に落ちないようになるタグ。
奈落行きを感知すると、近くのプレイヤーの背後５ｍにテレポートする。",Tags:[AbyssWarp],,,,,,,,,,,,,,,,,,,
モブ・生物,HasSkill,,,"スキルを指定した間隔(Least:[0〜1])、指定した確率(Least:[2〜11])で発動するようになるタグ。
 どのスキルを使うかのタグとセットで指定する。(右の用例ではShinen)
 
 Least:[0].Amountに発動間隔の最小値を、Least:[1].Amountに発動間隔の最大値を
 【重要】Shinen等のスキルタグはそのタグ内部に作動させる為の枠が
 10個まで用意されている。
 その際にLeast:[2-11].Amountに発動確率(0〜100)を指定する。

 Least:[2-11].Amountの合計が100%(Amount:100d)でないとき、発動に失敗すると 何もしない系メッセージが出る。","Tags:[HasSkill,Shinen],
 Attributes:[
 {Name:generic.knockbackResistance,
 Modifiers:[
 {Amount:5d,UUIDLeast:0l},
 {Amount:10d,UUIDLeast:1l},
 {Amount:50d,UUIDLeast:2l},
 {Amount:10d,UUIDLeast:3l},
 {Amount:10d,UUIDLeast:4l}]}]}",,,,,,,,,,,,,,,,,,,
,┣,Teleport,,"プレイヤーの背後にワープ
 枠は1つのみ","Tags:[HasSkill,Teleport],
 Attributes:[
 {Name:generic.knockbackResistance,
 Modifiers:[
 {Amount:20d,UUIDLeast:0l},
 {Amount:40d,UUIDLeast:1l},
 {Amount:50d,UUIDLeast:2l}]}]}",,,,,,,,,,,,,,,,,,,
,┣,BlinkLv1,,"幻影レベル１を使う
 枠は1つのみ","Tags:[HasSkill,BlinkLv1], 
 Attributes:[ 
 {Name:generic.knockbackResistance, 
 Modifiers:[ 
 {Amount:20d,UUIDLeast:0l},
 {Amount:40d,UUIDLeast:1l},
 {Amount:50d,UUIDLeast:2l}]}]}",,,,,,,,,,,,,,,,,,,
,┣,BlinkLv2,,"幻影レベル２を使う
 枠は1つのみ","Tags:[HasSkill,BlinkLv2], 
 Attributes:[ 
 {Name:generic.knockbackResistance, 
 Modifiers:[ 
 {Amount:20d,UUIDLeast:0l},
 {Amount:40d,UUIDLeast:1l},
 {Amount:50d,UUIDLeast:2l}]}]}",,,,,,,,,,,,,,,,,,,
,┣,BlinkLv3,,"幻影レベル３を使う
 枠は1つのみ","Tags:[HasSkill,BlinkLv3], 
 Attributes:[ 
 {Name:generic.knockbackResistance, 
 Modifiers:[ 
 {Amount:20d,UUIDLeast:0l},
 {Amount:40d,UUIDLeast:1l},
 {Amount:50d,UUIDLeast:2l}]}]}",,,,,,,,,,,,,,,,,,,
,┣,Ninja,,"プレイヤーの背後にワープ+
幻影レベル１?３(確率は個別指定可能)を使う
 枠は4つ","Tags:[HasSkill,Ninja], 
 Attributes:[ 
 {Name:generic.knockbackResistance, 
 Modifiers:[ 
 {Amount:20d,UUIDLeast:0l},
 {Amount:40d,UUIDLeast:1l},
 {Amount:20d,UUIDLeast:2l},
 {Amount:80d,UUIDLeast:3l}]}]}",,,,,,,,,,,,,,,,,,,
,┣,CharmLv1,,"魅了レベル１を使う
 枠は1つのみ","Tags:[HasSkill,CharmLv1], 
 Attributes:[ 
 {Name:generic.knockbackResistance, 
 Modifiers:[ 
 {Amount:20d,UUIDLeast:0l},
 {Amount:40d,UUIDLeast:1l},
 {Amount:50d,UUIDLeast:2l}]}]}",,,,,,,,,,,,,,,,,,,
,┣,CharmLv2,,"魅了レベル２を使う
 枠は1つのみ","Tags:[HasSkill,CharmLv2], 
 Attributes:[ 
 {Name:generic.knockbackResistance, 
 Modifiers:[ 
 {Amount:20d,UUIDLeast:0l},
 {Amount:40d,UUIDLeast:1l},
 {Amount:50d,UUIDLeast:2l}]}]}",,,,,,,,,,,,,,,,,,,
,┣,CharmLv3,,"魅了レベル３を使う
 枠は1つのみ","Tags:[HasSkill,CharmLv3], 
 Attributes:[ 
 {Name:generic.knockbackResistance, 
 Modifiers:[ 
 {Amount:20d,UUIDLeast:0l},
 {Amount:40d,UUIDLeast:1l},
 {Amount:50d,UUIDLeast:2l}]}]}",,,,,,,,,,,,,,,,,,,
,┣,HealLv1,,"周囲の敵に回復レベル１を使う(回復量100.00)
 枠は1つのみ","Tags:[HasSkill,HealLv1], 
 Attributes:[ 
 {Name:generic.knockbackResistance, 
 Modifiers:[ 
 {Amount:20d,UUIDLeast:0l},
 {Amount:40d,UUIDLeast:1l},
 {Amount:50d,UUIDLeast:2l}]}]}",,,,,,,,,,,,,,,,,,,
,┣,HealLv2,,"周囲の敵に回復レベル２を使う(回復量300.00)
 枠は1つのみ","Tags:[HasSkill,HealLv2], 
 Attributes:[ 
 {Name:generic.knockbackResistance, 
 Modifiers:[ 
 {Amount:20d,UUIDLeast:0l},
 {Amount:40d,UUIDLeast:1l},
 {Amount:50d,UUIDLeast:2l}]}]}",,,,,,,,,,,,,,,,,,,
,┣,HealLv3,,"周囲の敵に回復レベル３を使う(回復量500.00)
 枠は1つのみ","Tags:[HasSkill,HealLv3], 
 Attributes:[ 
 {Name:generic.knockbackResistance, 
 Modifiers:[ 
 {Amount:20d,UUIDLeast:0l},
 {Amount:40d,UUIDLeast:1l},
 {Amount:50d,UUIDLeast:2l}]}]}",,,,,,,,,,,,,,,,,,,
,┣,SelfHealLv1,,"付与している敵のみに回復レベル１を使う(回復量100.00)
 枠は1つのみ","Tags:[HasSkill,SelfHealLv1], 
 Attributes:[ 
 {Name:generic.knockbackResistance, 
 Modifiers:[ 
 {Amount:20d,UUIDLeast:0l},
 {Amount:40d,UUIDLeast:1l},
 {Amount:50d,UUIDLeast:2l}]}]}",,,,,,,,,,,,,,,,,,,
,┣,SelfHealLv2,,"付与している敵のみに回復レベル２を使う(回復量300.00)
 枠は1つのみ","Tags:[HasSkill,SelfHealLv2], 
 Attributes:[ 
 {Name:generic.knockbackResistance, 
 Modifiers:[ 
 {Amount:20d,UUIDLeast:0l},
 {Amount:40d,UUIDLeast:1l},
 {Amount:50d,UUIDLeast:2l}]}]}",,,,,,,,,,,,,,,,,,,
,┣,SelfHealLv3,,"付与している敵のみに回復レベル３を使う(回復量500.00)
 枠は1つのみ","Tags:[HasSkill,SelfHealLv3], 
 Attributes:[ 
 {Name:generic.knockbackResistance, 
 Modifiers:[ 
 {Amount:20d,UUIDLeast:0l},
 {Amount:40d,UUIDLeast:1l},
 {Amount:50d,UUIDLeast:2l}]}]}",,,,,,,,,,,,,,,,,,,
,┣,SkillBox,,"いわゆるスキルの詰め合わせ
1枠目　テレポート
2枠目　幻影Lv1
3枠目　セルフヒールLv1
4枠目　ヒールLv1
5枠目　Call
6枠目　魅了Lv1","Tags:[""HasSkill"",""SkillBox""],
Attributes:[
{Name:""generic.knockbackResistance"",Modifiers:
[{Amount:10d,UUIDLeast:0l},
{Amount:20d,UUIDLeast:1l},
{Amount:20d,UUIDLeast:2l},
{Amount:100d,UUIDLeast:3l},
{Amount:50d,UUIDLeast:4l},
{Amount:80d,UUIDLeast:5l},
{Amount:0d,UUIDLeast:6l},
{Amount:90d,UUIDLeast:7l}]},
]",,,,,,,,,,,,,,,,,,,
,┣,Scream,,"確率で移動速度低下と採掘速度低下がついて
そこからさらに約10%の確率で恐怖
 枠は1つのみ","Tags:[HasSkill,Scream], 
 Attributes:[ 
 {Name:generic.knockbackResistance, 
 Modifiers:[ 
 {Amount:20d,UUIDLeast:0l},
 {Amount:40d,UUIDLeast:1l},
 {Amount:50d,UUIDLeast:2l}]}]}",,,,,,,,,,,,,,,,,,,
,┣,Reraise,,"半径6マスの敵最大3体(自分を含むランダム)にRevialタグとHasSkillタグを持っていなければHasSkillタグを追加する
枠の２つ目に確率を指定することで動作する","Tags:[HasSkill,Reraise], 
 Attributes:[ 
 {Name:generic.knockbackResistance, 
 Modifiers:[ 
 {Amount:0d,UUIDLeast:0l},
 {Amount:60d,UUIDLeast:1l}
]}]}",,,,,,,,,,,,,,,,,,,
,┣,Interpolator,,"自身のSwim(InAir,InWaterなど)の速度を変動させる　
枠は6つ
変動量は
Least[2] +0.01
Least[3] -0.01
Least[4] +0.1
Least[5] -0.1
Least[6] +1
Least[7]-1","Tags:[""HasSkill"",""Interpolator""],
Attributes:[
{Name:""generic.maxHealth"",Modifiers:[{Amount:0d,UUIDLeast:0l}]},
{Name:""generic.knockbackResistance"",Modifiers:
[{Amount:10d,UUIDLeast:0l},
{Amount:30d,UUIDLeast:1l},
{Amount:20d,UUIDLeast:2l},
{Amount:100d,UUIDLeast:3l},
{Amount:50d,UUIDLeast:4l},
{Amount:80d,UUIDLeast:5l},
{Amount:70d,UUIDLeast:6l},
{Amount:90d,UUIDLeast:7l}]},
]",,,,,,,,,,,,,,,,,,,
,┣,Satelite,AroundPlayer,,詳しくはAroundPlayerタグを参照,,,,,,,,,,,,,,,,,,,
,┣,Call,"孫タグはSpawnで
扱っているタグすべて","エリア指定、タイプ、攻撃方法、種族名があれば記載し、MOB名タグを
追加することで、スキルとしてそのエンティティを呼び出します。
 枠は１つのみ","Tags:[HasSkill,Call,Global,Ground,Blow,Deidora], 
 Attributes:[ 
 {Name:generic.knockbackResistance, 
 Modifiers:[ 
 {Amount:20d,UUIDLeast:0l},
 {Amount:40d,UUIDLeast:1l},
 {Amount:50d,UUIDLeast:2l}]}]}",,,,,,,,,,,,,,,,,,,
,┣,Revival,,"1度だけ自分を蘇生する。
 枠は1つのみ
※死亡時のスキルはgeneric.knockbackResistanceの指定はいらない。","Tags:[HasSkill,Revival]",,,,,,,,,,,,,,,,,,,
,┣,HealOnDeath,,"死亡時に周囲のMOBを超回復させる(回復量10000.00)
 枠は1つのみ
※死亡時のスキルはgeneric.knockbackResistanceの指定はいらない。","Tags:[HasSkill,HealOnDeath]",,,,,,,,,,,,,,,,,,,
,┣,HasteOnDeath,,"死亡時に一度だけ周囲のMOBのスキルを早める(9割)
 枠は1つのみ
※死亡時のスキルはgeneric.knockbackResistanceの指定はいらない。","Tags:[HasSkill,HasteOnDeath]",,,,,,,,,,,,,,,,,,,
,┣,ExplodeOnDeath,,"死亡時に大爆発を起こす。
サヨナラッ！
 枠は1つのみ
※死亡時のスキルはgeneric.knockbackResistanceの指定はいらない。","Tags:[HasSkill,ExplodeOnDeath]",,,,,,,,,,,,,,,,,,,
,┗,CallOnDeath,"孫タグはSpawnで
扱っているタグすべて","エリア指定、タイプ、攻撃方法、種族名があれば記載し、MOB名タグを
追加することで、死亡時にそのエンティティを呼び出します。
※死亡時のスキルはgeneric.knockbackResistanceの指定はいらない。","summon husk ~ ~ ~ {Tags:[HasSkill,CallOnDeath,Global,Ground,Blow,Deidora]}",,,,,,,,,,,,,,,,,,,
モブ・生物,BlockPlacer,Cobweb,,１秒毎に蜘蛛の巣を3x1x3で設置する。,"Tags:[BlockPlacer,Cobweb]",,,,,,,,,,,,,,,,,,,
,┣,Fire,,１秒毎に炎を3x1x3で設置する。,"Tags:[BlockPlacer,Fire]",,,,,,,,,,,,,,,,,,,
,┣,FlowingWater,,１秒毎に水流を設置する。,"Tags:[BlockPlacer,FlowingWater]",,,,,,,,,,,,,,,,,,,
,┣,FlowingLava,,１秒毎に溶岩流を設置する。,"Tags:[BlockPlacer,FlowingLava]",,,,,,,,,,,,,,,,,,,
,┣,Torch,,１秒毎に松明を設置する。,"Tags:[BlockPlacer,Torch]",,,,,,,,,,,,,,,,,,,
,┣,Ice,,１秒毎に氷を1x2x1で設置する。,"Tags:[BlockPlacer,Ice]",,,,,,,,,,,,,,,,,,,
,┗,Wool,,１秒毎に足元に白い羊毛を3x1x3で設置する。,"Tags:[BlockPlacer,Wool]",,,,,,,,,,,,,,,,,,,
モブ・生物,FollowPlayer,,,"プレイヤーをふよふよと追尾するタグ。
１秒毎に実行される。
上下に移動する速さはAttributes[0].Modifiers[0].Amountで指定できる。","Tags:[FollowPlayer],
Attributes:[{
　　Name:""generic.maxHealth"",
　　Modifiers:[{
　　　　Amount:0.5d,
　　　　UUIDLeast:0l}]}]",,,,,,,,,,,,,,,,,,,
モブ・生物,FacingPlayer,,,"近くのプレイヤーの方に向き続けるタグ。
Swimと併用することで、敵対しないモブでもプレイヤーを追尾させることができる。",Tags:[FacingPlayer],,,,,,,,,,,,,,,,,,,
モブ・生物,Swim,InWater,,"水中を泳ぐようになるタグ。
向いている方向に向かって指定した速度の補正がかかる。
Attributes[0].Modifiers[0].Amountに速度を指定する。","Tags:[FacingPlayer,Swim,InWater],
Attributes:[{
　　Name:""generic.maxHealth"",
　　Modifiers:[{
　　　　Amount:0.05d,
　　　　UUIDLeast:0l}]}]",,,,,,,,,,,,,,,,,,,
,┣,InLava,,"溶岩中を泳ぐようになるタグ。
向いている方向に向かって、指定した速度の補正がかかる。
Attributes[0].Modifiers[0].Amountに速度を指定する。","Tags:[FacingPlayer,Swim,InLava],
Attributes:[{
　　Name:""generic.maxHealth"",
　　Modifiers:[{
　　　　Amount:0.05d,
　　　　UUIDLeast:0l}]}]",,,,,,,,,,,,,,,,,,,
,┣,InAir,,"空中を泳ぐようになるタグ。
向いている方向に向かって、指定した速度の補正がかかる。
Attributes[0].Modifiers[0].Amountに速度を指定する。","Tags:[FacingPlayer,Swim,InAir],
Attributes:[{
　　Name:""generic.maxHealth"",
　　Modifiers:[{
　　　　Amount:0.05d,
　　　　UUIDLeast:0l}]}]",,,,,,,,,,,,,,,,,,,
,┣,Vertical,,"泳ぎ補正を垂直方向に限定するタグ。
水平方向は通常通りの速度で移動する。
Attributes[0].Modifiers[0].Amountに速度を指定する。
補足：VerticalはNoGravity:trueを付与すると正常に機能しなくなる。","Tags:[FacingPlayer,Swim,InAir,Vertical],
Attributes:[{
　　Name:""generic.maxHealth"",
　　Modifiers:[{
　　　　Amount:0.05d,
　　　　UUIDLeast:0l}]}]","アドバイス：ブレイズのような上下移動しやすいMOBは
視界角度がかなり広く設定されているので
スムーズに上下移動してくれるが、
シルバーフィッシュやコウモリ等のMOBは左右移動が主な為
無理やり上下移動固定をしたところで思ったようには動かない。",,,,,,,,,,,,,,,,,,
,┣,Horizontal,,"泳ぎ補正を水平方向に限定するタグ。
垂直方向は通常通りの速度で移動する。
Attributes[0].Modifiers[0].Amountに速度を指定する。","Tags:[FacingPlayer,Swim,InAir,Horizontal],
Attributes:[{
　　Name:""generic.maxHealth"",
　　Modifiers:[{
　　　　Amount:0.05d,
　　　　UUIDLeast:0l}]}]",,,,,,,,,,,,,,,,,,,
,┣,Step,Front,"泳ぎ時、指定した確率・指定した速さで、前方に加速するタグ。
Attributes[0].Modifiers[1].Amountに発生確率を、
Attributes[0].Modifiers[2].Amountに発生時速度を指定する。","Tags:[FacingPlayer,
　　　　Swim,InAir,
　　　　Step,Front,Behind,Left,Right,Up,Down],
Attributes:[
　　{Name:""generic.maxHealth"",
　　Modifiers:[
　　　　{Amount:0.05d,
　　　　UUIDLeast:0l},
　　　　{Amount:0.6d,
　　　　UUIDLeast:1l},
　　　　{Amount:2d,
　　　　UUIDLeast:2l}]}]",,,,,,,,,,,,,,,,,,,
,┃,┣,Behind,"泳ぎ時、指定した確率・指定した速さで、後方に加速するタグ。
Attributes[0].Modifiers[1].Amountに発生確率を、
Attributes[0].Modifiers[2].Amountに発生時速度を指定する。",,,,,,,,,,,,,,,,,,,,
,┃,┣,Left,"泳ぎ時、指定した確率・指定した速さで、左方に加速するタグ。
Attributes[0].Modifiers[1].Amountに発生確率を、
Attributes[0].Modifiers[2].Amountに発生時速度を指定する。",,,,,,,,,,,,,,,,,,,,
,┃,┣,Right,"泳ぎ時、指定した確率・指定した速さで、右方に加速するタグ。
Attributes[0].Modifiers[1].Amountに発生確率を、
Attributes[0].Modifiers[2].Amountに発生時速度を指定する。",,,,,,,,,,,,,,,,,,,,
,┃,┣,Up,"泳ぎ時、指定した確率・指定した速さで、上方に加速するタグ。
Attributes[0].Modifiers[1].Amountに発生確率を、
Attributes[0].Modifiers[2].Amountに発生時速度を指定する。",,,,,,,,,,,,,,,,,,,,
,┃,┗,Down,"泳ぎ時、指定した確率・指定した速さで、下方に加速するタグ。
Attributes[0].Modifiers[1].Amountに発生確率を、
Attributes[0].Modifiers[2].Amountに発生時速度を指定する。",,,,,,,,,,,,,,,,,,,,
,┗,AroundPlayer,Inverted,"最も近くのプレイヤーを中心に周回運動を行うようになるタグ。
水平方向は通常通りの速度で移動する。
Attributes[0].Modifiers[0].Amountに速度を指定する。

Invertedを入れると反時計回りになる。

Tags:[HasSkill,Satelite]を追加し、HasSkillのknockback〜Modifiersで
mix(Modifiers[0])、
max(Modifiers[1])を指定し、
成功確率(Modifiers[2〜])を設定することで
途中で旋回方向を切り替えるようになる。","Tags:[Swim,InAir,AroundPlayer,Inverted,HasSkill,Satelite],
Attributes:[
　　{Name:""generic.maxHealth"",
　　Modifiers:[
　　　　{Amount:0.05d,UUIDLeast:0l}]},

　　{Name:generic.knockbackResistance,
　　Modifiers:[
　　　　{Amount:5d,UUIDLeast:0l},
　　　　{Amount:20d,UUIDLeast:1l},
　　　　{Amount:100d,UUIDLeast:2l}]}]",,,,,,,,,,,,,,,,,,,
モブ・生物,Reversed,,,MOBの動きが反転する,Tags:[Reversed],,,,,,,,,,,,,,,,,,,
モブ・生物,ReversedOnHurt,,,ノックバックを受けると、MOBが後ろに回り込むような動作をする。,Tags:[ReversedOnHurt],,,,,,,,,,,,,,,,,,,
モブ・生物,Burning,,,永続的に燃え続けるようになり、水や雨で火が消えると発光する。,Tags:[Burning],,,,,,,,,,,,,,,,,,,
モブ・生物,WeakPoint,WeakToWater,,MOBが水に浸かると即死する弱点を有するようになる。,"Tags:[WeakPoint,WeakToWater]",,,,,,,,,,,,,,,,,,,
,┣,WeakToAir,,MOBが空気に触れると即死する弱点を有するようになる。,"Tags:[WeakPoint,WeakToAir]",,,,,,,,,,,,,,,,,,,
,┣,WeakToFire,,MOBが炎上すると即死する弱点を有するようになる。,"Tags:[WeakPoint,WeakToFire]",,,,,,,,,,,,,,,,,,,
,┣,WeakToPoison,,"MOBが毒状態になると即死する弱点を有するようになる。
※ アンデットはAECやポーション経由では毒にならない","Tags:[WeakPoint,WeakToPoison]",,,,,,,,,,,,,,,,,,,
,┣,WeakToWither,,MOBがウィザー状態になると即死する弱点を有するようになる。,"Tags:[WeakPoint,WeakToWither]",,,,,,,,,,,,,,,,,,,
,┣,WeakToGround,,MOBが地面に触れると即死する弱点を有するようになる。,"Tags:[WeakPoint,WeakToGround]",,,,,,,,,,,,,,,,,,,
,┗,WeakToFloat,,MOBが浮いた状態になると即死する弱点を有するようになる。,"Tags:[WeakPoint,WeakToFloat]",,,,,,,,,,,,,,,,,,,
飛翔物,AimOnInit,,,"100mを何Tickで移動できるかをAirで指定する。
※Air:10s以下はバグる。","Tags:[AimOnInit],Air:120s",,-180〜0〜180,0〜360,,,,,,,,,,,,,,,,
,┣,Direction,,"DeathLootTable:""loot_manager:x"",DeathLootTableSeed:15015","Tags:[AimOnInit,Direction],Air:100s,DeathLootTable:""loot_manager:x"",DeathLootTableSeed:15015",MOBタイプ,上下の角度,横の角度,"summon experience_orb ~ ~1 ~ {Age:6000s,Value:0s,Passengers:[{id:""shulker_bullet"",Tags:[AimOnInit,Direction],PortalCooldown:100,Air:100s,FallDistance:15015},{id:""shulker_bullet"",Tags:[AimOnInit,Direction],PortalCooldown:100,Air:100s,FallDistance:-15015},{id:""shulker_bullet"",Tags:[AimOnInit,Direction],PortalCooldown:100,Air:100s,FallDistance:15345},{id:""shulker_bullet"",Tags:[AimOnInit,Direction],PortalCooldown:100,Air:100s,FallDistance:-15345}]}",↓その他例,,,,,,,,,,,,,,
,┃,┃,,┗,",DeathLootTable:""minecraft:empty"",DeathLootTableSeed:-15180",←計算結果,-15,180,,,9way,,,,,,,,,,,,,
,┃,┗,,"Directionタグが付いているときにFallDistanceの数値が角度指定になる。
指定は以下の通り。

 XXXX0〜XX360 水平角度：基本マイナスもプラスも関係ない。
-90XXX〜90XXX 上下角度：マイナスが上方向、プラスが下方向。
例:Dimension:-45180 = 斜め上45、後ろに放つ場合  下記が角度の例
正　　面[FallDistance:0f]　時計周り(15)[FallDistance:15f]　時計周り(30)[FallDistance:30f]
　時計周り(45)[FallDistance:45f]　　時計周り(60)[FallDistance:60f]　　時計周り(75)[FallDistance:75f]
　時計周り(90)[FallDistance:90f]　　時計周り(105)[FallDistance:105f]　　時計周り(120)[FallDistance:120f]
　時計周り(135)[FallDistance:135f]　　時計周り(150)[FallDistance:150f]　　時計周り(165)[FallDistance:165f]
裏　　面(±180)[FallDistance:180f]　時計周り(-165)[FallDistance:195f]　時計周り(-150)[FallDistance:210f]
　時計周り(-135)[FallDistance:225f]　　時計周り(-120)[FallDistance:240f]　　時計周り(-105)[FallDistance:255f]
　時計周り(-90)[FallDistance:270f]　　時計周り(-75)[FallDistance:285f]　　時計周り(-60)[FallDistance:300f]
　時計周り(-45)[FallDistance:315f]　　時計周り(-30)[FallDistance:330f]　　時計周り(-15)[FallDistance:345f]
正　　面(0)[FallDistance:360f]","Tags:[AimOnInit,Direction],Air:100s,FallDistance:-45180f",飛翔物タイプ,上下の角度,横の角度,"summon experience_orb ~ ~1 ~ {Age:6000s,Value:0s,Passengers:[{id:""silverfish"",Tags:[AimOnInit,Direction],PortalCooldown:100,Air:100s,NoGravity:true,DeathLootTable:""loot_manager:x"",DeathLootTableSeed:15015},{id:""silverfish"",Tags:[AimOnInit,Direction],PortalCooldown:100,Air:100s,NoGravity:true,DeathLootTable:""loot_manager:x"",DeathLootTableSeed:-15015},{id:""silverfish"",Tags:[AimOnInit,Direction],PortalCooldown:100,Air:100s,NoGravity:true,DeathLootTable:""loot_manager:x"",DeathLootTableSeed:15345},{id:""silverfish"",Tags:[AimOnInit,Direction],PortalCooldown:100,Air:100s,NoGravity:true,DeathLootTable:""loot_manager:x"",DeathLootTableSeed:-15345}]}","/summon experience_orb ~ ~3 ~ {Age:6000s,Value:0s,Passengers:[
{id:""shulker_bullet"",NoGravity:1b,Tags:[AimOnInit,Direction],Air:100s,FallDistance:354f},
{id:""shulker_bullet"",NoGravity:1b,Tags:[AimOnInit,Direction],Air:100s,FallDistance:357f},
{id:""shulker_bullet"",NoGravity:1b,Tags:[AimOnInit,Direction],Air:100s,FallDistance:-6000f},
{id:""shulker_bullet"",NoGravity:1b,Tags:[AimOnInit,Direction],Air:100s,FallDistance:-3000f},
{id:""shulker_bullet"",NoGravity:1b,Tags:[AimOnInit,Direction],Air:100s,FallDistance:0f},
{id:""shulker_bullet"",NoGravity:1b,Tags:[AimOnInit,Direction],Air:100s,FallDistance:3000f},
{id:""shulker_bullet"",NoGravity:1b,Tags:[AimOnInit,Direction],Air:100s,FallDistance:6000f},
{id:""shulker_bullet"",NoGravity:1b,Tags:[AimOnInit,Direction],Air:100s,FallDistance:3f},
{id:""shulker_bullet"",NoGravity:1b,Tags:[AimOnInit,Direction],Air:100s,FallDistance:6f}
]}","/summon experience_orb ~ ~3 ~ {Age:6000s,Value:0s,Passengers:[
{id:""shulker_bullet"",NoGravity:1b,Tags:[AimOnInit,Direction],Air:100s,FallDistance:3357f},
{id:""shulker_bullet"",NoGravity:1b,Tags:[AimOnInit,Direction],Air:100s,FallDistance:3000f},
{id:""shulker_bullet"",NoGravity:1b,Tags:[AimOnInit,Direction],Air:100s,FallDistance:3003f},
{id:""shulker_bullet"",NoGravity:1b,Tags:[AimOnInit,Direction],Air:100s,FallDistance:357f},
{id:""shulker_bullet"",NoGravity:1b,Tags:[AimOnInit,Direction],Air:100s,FallDistance:0f},
{id:""shulker_bullet"",NoGravity:1b,Tags:[AimOnInit,Direction],Air:100s,FallDistance:3f},
{id:""shulker_bullet"",NoGravity:1b,Tags:[AimOnInit,Direction],Air:100s,FallDistance:-3357f},
{id:""shulker_bullet"",NoGravity:1b,Tags:[AimOnInit,Direction],Air:100s,FallDistance:-3000f},
{id:""shulker_bullet"",NoGravity:1b,Tags:[AimOnInit,Direction],Air:100s,FallDistance:-3003f}
]}",,,,,,,,,,,,,
,┃,,,┗,",FallDistance:270f",←計算結果,0,-90,,,,,,,,,,,,,,,,
,┣,LateInitializer,LateEntity,"LateInitializer→LateEntity

「出現時にAimOnInitを実行」し、LateInitializerタグありの騎乗エンティティが
消滅後、出現時で出力された角度を維持しつつ推進力を再付与する。","Tags:[AimOnInit,LateInitializer],
NoGravity:1b,
PortalCooldown:30,
Air:200s,
Passengers:[
        {
                id:<entityID>,
                Tags:[LateEntity],
                NoGravity:1b,
                PortalCooldown:45,
                Air:110s
        }
]",,,,,,,,,,,,,,,,,,,
,┗,LateEntity,AimOnInit,"LateEntity+AimOnInitでLateInitializerタグエンティティの騎乗解除後に
プレイヤーに向かっていく弾道を指定可能。
( 旧弾道指定 )
LateInitializerが指定されているエンティティが消える瞬間、
乗っているエンティティにAimOnInitとLateEntityタグが付いてる場合、
そのエンティティにAimOnInitを適用する。
追記：出現から2Tick以下の速さでLateInitializerエンティティが消滅すると、
AimOnInitをうまく実行できない。
追記：生物に指定する場合2Tick以内に指定しないとうまくいかない場合がある
※また、自分から消えることと、コマンドで消してたとしても
「Garbage(浮遊物等のごみを消したりしているシステム)」を通してない時、
LateInitializerの監視外となり作動しない。MOBの死亡処理は監視しているが、
MOBのデスポーンは対象外
※ TickingRequired指定はPortalCooldown:<任意の数値>に+20すること","Tags:[AimOnInit,LateInitializer],
NoGravity:1b,
PortalCooldown:30,
Air:200s,
Passengers:[
        {
                id:<entityID>,
                Tags:[AimOnInit,LateEntity],
                NoGravity:1b,
                PortalCooldown:45,
                Air:110s
        }
]",,,,,"/summon experience_orb ~ ~2 ~ {Age:6000s,Value:0s,Passengers:[
{id:shulker_bullet,NoGravity:1b,Tags:[AimOnInit,LateInitializer,Direction],PortalCooldown:30,Air:200s,FallDistance:270f,Passengers:[
{id:shulker_bullet,NoGravity:1b,Tags:[AimOnInit,LateEntity,Direction],PortalCooldown:45,Air:110s,FallDistance:3f},
{id:shulker_bullet,NoGravity:1b,Tags:[AimOnInit,LateEntity,Direction],PortalCooldown:45,Air:110s,FallDistance:6f},
{id:shulker_bullet,NoGravity:1b,Tags:[AimOnInit,LateEntity,Direction],PortalCooldown:45,Air:110s,FallDistance:9f},
{id:shulker_bullet,NoGravity:1b,Tags:[AimOnInit,LateEntity,Direction],PortalCooldown:45,Air:110s,FallDistance:12f},
{id:shulker_bullet,NoGravity:1b,Tags:[AimOnInit,LateEntity,Direction],PortalCooldown:45,Air:110s,FallDistance:357f},
{id:shulker_bullet,NoGravity:1b,Tags:[AimOnInit,LateEntity,Direction],PortalCooldown:45,Air:110s,FallDistance:354f},
{id:shulker_bullet,NoGravity:1b,Tags:[AimOnInit,LateEntity,Direction],PortalCooldown:45,Air:110s,FallDistance:351f},
{id:shulker_bullet,NoGravity:1b,Tags:[AimOnInit,LateEntity,Direction],PortalCooldown:45,Air:110s,FallDistance:348f}]},
{id:shulker_bullet,NoGravity:1b,Tags:[AimOnInit,LateInitializer,Direction],PortalCooldown:30,Air:200s,FallDistance:90f,Passengers:[
{id:shulker_bullet,NoGravity:1b,Tags:[AimOnInit,LateEntity,Direction],PortalCooldown:45,Air:110s,FallDistance:3f},
{id:shulker_bullet,NoGravity:1b,Tags:[AimOnInit,LateEntity,Direction],PortalCooldown:45,Air:110s,FallDistance:6f},
{id:shulker_bullet,NoGravity:1b,Tags:[AimOnInit,LateEntity,Direction],PortalCooldown:45,Air:110s,FallDistance:9f},
{id:shulker_bullet,NoGravity:1b,Tags:[AimOnInit,LateEntity,Direction],PortalCooldown:45,Air:110s,FallDistance:12f},
{id:shulker_bullet,NoGravity:1b,Tags:[AimOnInit,LateEntity,Direction],PortalCooldown:45,Air:110s,FallDistance:357f},
{id:shulker_bullet,NoGravity:1b,Tags:[AimOnInit,LateEntity,Direction],PortalCooldown:45,Air:110s,FallDistance:354f},
{id:shulker_bullet,NoGravity:1b,Tags:[AimOnInit,LateEntity,Direction],PortalCooldown:45,Air:110s,FallDistance:351f},
{id:shulker_bullet,NoGravity:1b,Tags:[AimOnInit,LateEntity,Direction],PortalCooldown:45,Air:110s,FallDistance:348f}]}
]}",,,,,,,,,,,,,,
飛翔物,RandomRotation,,,RandomRotationタグで設定（AimOnInitと対）,"Tags:[RandomRotation],Air:120s",,,,,,,,,,,,,,,,,,,
,┣,Direction,,"DeathLootTable:""loot_manager:x"",DeathLootTableSeed:15015","Tags:[RandomRotation,Direction],Air:100s,DeathLootTable:""loot_manager:x"",DeathLootTableSeed:15015",MOBタイプ,上下の角度,横の角度,,,,,,,,,,,,,,,,
,┃,┃,,,",DeathLootTable:""minecraft:empty"",DeathLootTableSeed:15090",←計算結果,15,90,,,,,,,,,,,,,,,,
,┃,┗,,"Directionタグが付いているときにFallDistanceの数値が「振れ幅」になる。
指定はAimOnInit通り。
角度は±「振れ幅」になるので、正の値で指定する。
","Tags:[RandomRotation,Direction],Air:100s,FallDistance:15015f",飛翔物タイプ,上下の角度,横の角度,,,,,,,,,,,,,,,,
,┃,,,┗,",FallDistance:1001f",←計算結果,1,1,,,,,,,,,,,,,,,,
,┣,LateInitializer,LateEntity,"LateInitializer→LateEntity

「出現時にRandomRotationを実行」し、LateInitializerタグありの騎乗エンティティが
消滅後、出現時で出力された角度を維持しつつ推進力を再付与する。","Tags:[RandomRotation,LateInitializer],
NoGravity:1b,
PortalCooldown:30,
Air:200s,
Passengers:[
        {
                id:<entityID>,
                Tags:[LateEntity],
                NoGravity:1b,
                PortalCooldown:45,
                Air:110s
        }
]","summon minecraft:shulker_bullet ~ ~5 ~ {Tags:[RandomRotation,LateInitializer,CooldownRequired],PortalCooldown:5,Air:200s,NoGravity:1b,Passengers:[{id:""minecraft:shulker_bullet"",Tags:[LateEntity],Air:120s,NoGravity:1b}]}",,,,,,,,,,,,,,,,,,
,┗,LateEntity,RandomRotation,"LateEntity+RandomRotationでLateInitializerタグエンティティの騎乗解除後に
プレイヤーに向かってランダムにバラける弾道を指定可能。
( 旧弾道指定 )
LateInitializerが指定されているエンティティが消える瞬間、
乗っているエンティティにRandomRotationとLateEntityタグが付いてる場合、
そのエンティティにRandomRotationを適用する。
追記：出現から2Tick以下の速さでLateInitializerエンティティが消滅すると、
RandomRotationをうまく実行できない。
追記：生物に指定する場合2Tick以内に指定しないとうまくいかない場合がある
※また、自分から消えることと、コマンドで消してたとしても
「Garbage(浮遊物等のごみを消したりしているシステム)」を通してない時、
LateInitializerの監視外となり作動しない。MOBの死亡処理は監視しているが、
MOBのデスポーンは対象外
※ TickingRequired指定はPortalCooldown:<任意の数値>に+20すること","Tags:[RandomRotation,LateInitializer],
NoGravity:1b,
PortalCooldown:30,
Air:200s,
Passengers:[
        {
                id:<entityID>,
                Tags:[RandomRotation,LateEntity],
                NoGravity:1b,
                PortalCooldown:45,
                Air:110s
        }
]","vexを弾として出すにはAimOnInitでは出力不足なので、
Swimのみ(進行方向をプレイヤーに合わせるFacingPlayerを指定しないで)使用すると、
vex特有のモーションブレーキがかからずに直進するようになる。",,"/summon minecraft:experience_orb ~ ~1 ~ {Age:6000s,Value:0s,Passengers:[{id:""minecraft:vex"",CustomName:""\""奈落の霊魂\"""",AbsorptionAmount:2500f,NoGravity:true,Tags:[""BoundPlayer"",""Swim"",""InAir"",""RandomRotation"",""Direction"",""TickingRequired""],Air:30s,PortalCooldown:20,Attributes:[{Name:""generic.maxHealth"",Modifiers:[{Amount:0.25d,UUIDLeast:0l}]},{Name:""generic.followRange"",Base:0d}],DeathLootTable:""loot_manager:x"",DeathLootTableSeed:1001,Silent:true,ActiveEffects:[{Id:14b,Amplifier:127b,Duration:2000000,ShowParticles:0b}],ArmorItems:[{},{},{},{id:""minecraft:player_head"",Count:1b,tag:{SkullOwner:{Id:""1cb588a4-a358-4660-abfa-9988021bd4a2"",Properties:{textures:[{Value:""eyJ0ZXh0dXJlcyI6eyJTS0lOIjp7InVybCI6Imh0dHA6Ly90ZXh0dXJlcy5taW5lY3JhZnQubmV0L3RleHR1cmUvNzY4N2E3NDA5NWJlYzhiZjg1ZjllODEzZjEyNDk3MWExZGRkMTk5MWY3MTFiNzRmOTg0OWNmZmM5MmU0YjFjIn19fQ==""}]}}}}],ArmorDropChances:[-1E40f,-1E40f,-1E40f,-1E40f],Passengers:[{id:""minecraft:area_effect_cloud"",Tags:[""Cargo""],CustomName:""\""奈落の霊魂オーラ\"""",Particle:""minecraft:dust 1 1 1 2"",Duration:60,Radius:0.03f},{id:""minecraft:area_effect_cloud"",Tags:[""Cargo""],CustomName:""\""奈落の霊魂\"""",Particle:""minecraft:block minecraft:air"",Duration:60,Radius:1.5f,Effects:[{Id:7b,Amplifier:3b,Duration:1},{Id:14b,Amplifier:123b,Duration:1},{Id:17b,Amplifier:1b,Duration:20}]}]}]}",,,,,,,,,,,,,,,,
飛翔物,CallOnFin,"孫タグはSpawnで
扱っているタグすべて",,"エリア指定、タイプ、攻撃方法、種族名があれば記載し、MOB名タグを
追加することで、消滅時にそのエンティティを呼び出します。
【 注意 】
モブの死亡時もCallOnFinで発動するが、
モブは忍者オーラが適応できるHasSkill,CallOnDeathを使用すること","summon minecraft:arrow ~ ~ ~ {Tags:[CallOnFin,Global,Ground,Blow,Deidora],PortalCooldown:20,NoGravity:1b}",,,,,,,,,,,,,,,,,,,
矢・発行矢・銛,なし,Cobweb,,接地時に蜘蛛の巣を3x1x3で設置する。,Tags:[Cobweb],,,,,,,,,,,,,,,,,,,
,なし,Fire,,接地時に炎を3x1x3で設置する。,Tags:[Fire],,,,,,,,,,,,,,,,,,,
,なし,FlowingWater,,接地時に水流を設置する。,Tags:[FlowingWater],,,,,,,,,,,,,,,,,,,
,なし,FlowingLava,,接地時に溶岩流を設置する。,Tags:[FlowingLava],,,,,,,,,,,,,,,,,,,
,なし,Torch,,接地時に松明を設置する。,Tags:[Torch],,,,,,,,,,,,,,,,,,,
,なし,Ice,,接地時に氷を1x2x1で設置する。,Tags[Ice],,,,,,,,,,,,,,,,,,,
,なし,Wool,,接地時に１ブロック下に白い羊毛を3x1x3で設置する。,Tags[Wool],,,,,,,,,,,,,,,,,,,
"経験地オーブ
ボート",Projectile,,,"経験地オーブを飛翔物として扱う場合付与する。
付与すると飛翔物となり、同様に自然消滅し
Directionなどのタグ操作を受け付けるようになる。",Tags:[Projectile],"本来は飛翔物系に自動で付与されるタグ(重要)
手動化する理由は経験地オーブは割りとどこでも頻繁に発生するので、
いちいち自動で付与していると重くなるので、飛翔物として扱い場合手動で付けることになった。",,,,,,,,,,,,,,,,,,
落下ブロック,NeverRemain,,,"地面に着いてもブロックとして設置されないようにするタグ。
【重要】ブロック化したら消滅処理を入れる仕組みなので
単発コマブロ等にも流用できる→訂正functionにいれないとできない。","Tags:[AbovePlayer,NeverRemain]",,,,,,,,,,,,,,,,,,,
村人,LimitedTrading,,,１度取引すると消滅するようにするタグ。,Tags:[LimitedTrading],,,,,,,,,,,,,,,,,,,
アーマースタンド,NonBlockSpawner,,,"アマスタの上に、トロッコスポナーの構成をすると自動的に擬態スポナーとして
指定されるので、MOB等のアクセサリーとしてアマスタトロッコを使う場合に
空中で消えるのを防ぐタグ。
アマスタに付ける。
",Tags:[NonBlockSpawner],,,,,,,,,,,,,,,,,,,
トロッコスポナー,OneOff,,,"トロッコスポナー専用タグ。
付与することで、トロッコスポナーがエンティティを生み出した1秒前後で
付与したトロッコスポナーを消滅させるタグ。
","Tags:[""OneOff""]",,,,,,,,,,,,,,,,,,,
ヴェックス,BoundPlayer,,,"vex専用タグ。
大まかに解説をすると、vexの追跡範囲を強化する。
64m以内の近くのプレイヤーの座標を参照し、
BoundX、Y、Zに代入することで追跡範囲の制限をなくしたうえで、
正確に追尾するようになる。
","Tags:[""BoundPlayer""]",,,,,,,,,,,,,,,,,,,
,,,,,,,,,,,,,,,,,,,,,,,,
,タグ,エリア指定,タイプ,攻撃方法,種族名,Lvを除いたMOB名,説明,用例,備考,,,,,,,,,,,,,,,
MOB召喚,Spawn,Global,Ground,Blow,なし,<MOB名>,この場合デイドラを召喚する。,"/summon minecraft:area_effect_cloud ~ ~ ~ {Tags:[Spawn,Global,Ground,Blow,Deidora]}",,,,,,,,,,,,,,,,
,┃,,,┗,<カテゴリー名>,<MOB名>,"カテゴリーがある場合、MOB名の前にカテゴリーフォルダー名を追加する必要がある。
この場合デーモンアイを召喚する。","/summon minecraft:area_effect_cloud ~ ~ ~ {Tags:[Spawn,Global,Sky,Blow,Eye,Daemon]}",,,,,,,,,,,,,,,,
,┃,,,Shoot,なし,<MOB名>,,,,,,,,,,,,,,,,,,
,┃,,,┗,<カテゴリー名>,<MOB名>,,,,,,,,,,,,,,,,,,
,┃,,,Summon,なし,<MOB名>,,,,,,,,,,,,,,,,,,
,┃,,,┗,<カテゴリー名>,<MOB名>,,,,,,,,,,,,,,,,,,
,┣,BackTheater,Sky,階層省略,階層省略,<MOB名>,,,,,,,,,,,,,,,,,,
,┣,Clouder,Water,゛,゛,<MOB名>,,,,,,,,,,,,,,,,,,
,┣,Desert,Other,゛,゛,<MOB名>,,,,,,,,,,,,,,,,,,
,┣,End,Boss,゛,゛,<MOB名>,,,,,,,,,,,,,,,,,,
,┣,Gulliver,Friendly,゛,゛,<MOB名>,,,,,,,,,,,,,,,,,,
,┣,Nether,Neutrality,Neutralityには攻撃方法はないのでなし,゛,<MOB名>,,,,,,,,,,,,,,,,,,
,┣,Purgatory,階層省略,階層省略,゛,<MOB名>,,,,,,,,,,,,,,,,,,
,┣,QuestWorld,゛,゛,゛,<MOB名>,,,,,,,,,,,,,,,,,,
,┣,TableMountain,゛,゛,゛,<MOB名>,,,,,,,,,,,,,,,,,,
,┣,Theater,゛,゛,゛,<MOB名>,,,,,,,,,,,,,,,,,,
,┣,Tocult,゛,゛,゛,<MOB名>,,,,,,,,,,,,,,,,,,
,┗,Underworld,゛,゛,゛,<MOB名>,,,,,,,,,,,,,,,,,,
,,,,,,,,,,,,,,,,,,,,,,,,
,,,,,,,,,,,,,,,,,,,,,,,,
,,,,,,,,,,,,,,,,,,,,,,,,
,,,,,,,,,,,,,,,,,,,,,,,,
,,,,,,,,,,,,,,,,,,,,,,,,
,,,,,,,,,,,,,,,,,,,,,,,,
,,,,,,,,,,,,,,,,,,,,,,,,
,,,,,,,,,,,,,,,,,,,,,,,,
,,,,,,,,,,,,,,,,,,,,,,,,
,,,,,,,,,,,,,,,,,,,,,,,,
,,,,,,,,,,,,,,,,,,,,,,,,
,,,,,,,,,,,,,,,,,,,,,,,,
,,,,,,,,,,,,,,,,,,,,,,,,
,,,,,,,,,,,,,,,,,,,,,,,,
,,,,,,,,,,,,,,,,,,,,,,,,
,,,,,,,,,,,,,,,,,,,,,,,,
,,,,,,,,,,,,,,,,,,,,,,,,
,,,,,,,,,,,,,,,,,,,,,,,,
,,,,,,,,,,,,,,,,,,,,,,,,
,,,,,,,,,,,,,,,,,,,,,,,,
,,,,,,,,,,,,,,,,,,,,,,,,
,,,,,,,,,,,,,,,,,,,,,,,,
,,,,,,,,,,,,,,,,,,,,,,,,
,,,,,,,,,,,,,,,,,,,,,,,,
,,,,,,,,,,,,,,,,,,,,,,,,
,,,,,,,,,,,,,,,,,,,,,,,,
,,,,,,,,,,,,,,,,,,,,,,,,
,,,,,,,,,,,,,,,,,,,,,,,,
,,,,,,,,,,,,,,,,,,,,,,,,
,,,,,,,,,,,,,,,,,,,,,,,,
,,,,,,,,,,,,,,,,,,,,,,,,
,,,,,,,,,,,,,,,,,,,,,,,,
,,,,,,,,,,,,,,,,,,,,,,,,
,,,,,,,,,,,,,,,,,,,,,,,,
,,,,,,,,,,,,,,,,,,,,,,,,
,,,,,,,,,,,,,,,,,,,,,,,,
,,,,,,,,,,,,,,,,,,,,,,,,
,,,,,,,,,,,,,,,,,,,,,,,,
,,,,,,,,,,,,,,,,,,,,,,,,
,,,,,,,,,,,,,,,,,,,,,,,,
,,,,,,,,,,,,,,,,,,,,,,,,
,,,,,,,,,,,,,,,,,,,,,,,,
,,,,,,,,,,,,,,,,,,,,,,,,
,,,,,,,,,,,,,,,,,,,,,,,,
,,,,,,,,,,,,,,,,,,,,,,,,
,,,,,,,,,,,,,,,,,,,,,,,,
,,,,,,,,,,,,,,,,,,,,,,,,
,,,,,,,,,,,,,,,,,,,,,,,,
,,,,,,,,,,,,,,,,,,,,,,,,
,,,,,,,,,,,,,,,,,,,,,,,,
,,,,,,,,,,,,,,,,,,,,,,,,
,,,,,,,,,,,,,,,,,,,,,,,,
,,,,,,,,,,,,,,,,,,,,,,,,
,,,,,,,,,,,,,,,,,,,,,,,,
,,,,,,,,,,,,,,,,,,,,,,,,
,,,,,,,,,,,,,,,,,,,,,,,,
,,,,,,,,,,,,,,,,,,,,,,,,
,,,,,,,,,,,,,,,,,,,,,,,,
,,,,,,,,,,,,,,,,,,,,,,,,
,,,,,,,,,,,,,,,,,,,,,,,,
,,,,,,,,,,,,,,,,,,,,,,,,
,,,,,,,,,,,,,,,,,,,,,,,,
,,,,,,,,,,,,,,,,,,,,,,,,
,,,,,,,,,,,,,,,,,,,,,,,,
,,,,,,,,,,,,,,,,,,,,,,,,
,,,,,,,,,,,,,,,,,,,,,,,,
,,,,,,,,,,,,,,,,,,,,,,,,
,,,,,,,,,,,,,,,,,,,,,,,,
,,,,,,,,,,,,,,,,,,,,,,,,
,,,,,,,,,,,,,,,,,,,,,,,,
,,,,,,,,,,,,,,,,,,,,,,,,
,,,,,,,,,,,,,,,,,,,,,,,,
,,,,,,,,,,,,,,,,,,,,,,,,
,,,,,,,,,,,,,,,,,,,,,,,,
,,,,,,,,,,,,,,,,,,,,,,,,
,,,,,,,,,,,,,,,,,,,,,,,,
,,,,,,,,,,,,,,,,,,,,,,,,
,,,,,,,,,,,,,,,,,,,,,,,,
,,,,,,,,,,,,,,,,,,,,,,,,
,,,,,,,,,,,,,,,,,,,,,,,,
,,,,,,,,,,,,,,,,,,,,,,,,
,,,,,,,,,,,,,,,,,,,,,,,,
,,,,,,,,,,,,,,,,,,,,,,,,
,,,,,,,,,,,,,,,,,,,,,,,,
,,,,,,,,,,,,,,,,,,,,,,,,
,,,,,,,,,,,,,,,,,,,,,,,,
,,,,,,,,,,,,,,,,,,,,,,,,
,,,,,,,,,,,,,,,,,,,,,,,,
,,,,,,,,,,,,,,,,,,,,,,,,
,,,,,,,,,,,,,,,,,,,,,,,,
,,,,,,,,,,,,,,,,,,,,,,,,
,,,,,,,,,,,,,,,,,,,,,,,,
,,,,,,,,,,,,,,,,,,,,,,,,
,,,,,,,,,,,,,,,,,,,,,,,,
,,,,,,,,,,,,,,,,,,,,,,,,
,,,,,,,,,,,,,,,,,,,,,,,,
,,,,,,,,,,,,,,,,,,,,,,,,
,,,,,,,,,,,,,,,,,,,,,,,,
,,,,,,,,,,,,,,,,,,,,,,,,
,,,,,,,,,,,,,,,,,,,,,,,,
,,,,,,,,,,,,,,,,,,,,,,,,
,,,,,,,,,,,,,,,,,,,,,,,,
,,,,,,,,,,,,,,,,,,,,,,,,
,,,,,,,,,,,,,,,,,,,,,,,,
,,,,,,,,,,,,,,,,,,,,,,,,
,,,,,,,,,,,,,,,,,,,,,,,,
,,,,,,,,,,,,,,,,,,,,,,,,
,,,,,,,,,,,,,,,,,,,,,,,,
,,,,,,,,,,,,,,,,,,,,,,,,
,,,,,,,,,,,,,,,,,,,,,,,,
,,,,,,,,,,,,,,,,,,,,,,,,
,,,,,,,,,,,,,,,,,,,,,,,,
,,,,,,,,,,,,,,,,,,,,,,,,
,,,,,,,,,,,,,,,,,,,,,,,,
,,,,,,,,,,,,,,,,,,,,,,,,
,,,,,,,,,,,,,,,,,,,,,,,,
,,,,,,,,,,,,,,,,,,,,,,,,
,,,,,,,,,,,,,,,,,,,,,,,,
,,,,,,,,,,,,,,,,,,,,,,,,
,,,,,,,,,,,,,,,,,,,,,,,,
,,,,,,,,,,,,,,,,,,,,,,,,
,,,,,,,,,,,,,,,,,,,,,,,,
,,,,,,,,,,,,,,,,,,,,,,,,
,,,,,,,,,,,,,,,,,,,,,,,,
,,,,,,,,,,,,,,,,,,,,,,,,
,,,,,,,,,,,,,,,,,,,,,,,,
,,,,,,,,,,,,,,,,,,,,,,,,
,,,,,,,,,,,,,,,,,,,,,,,,
,,,,,,,,,,,,,,,,,,,,,,,,
,,,,,,,,,,,,,,,,,,,,,,,,
,,,,,,,,,,,,,,,,,,,,,,,,
,,,,,,,,,,,,,,,,,,,,,,,,
,,,,,,,,,,,,,,,,,,,,,,,,
,,,,,,,,,,,,,,,,,,,,,,,,
,,,,,,,,,,,,,,,,,,,,,,,,
,,,,,,,,,,,,,,,,,,,,,,,,
,,,,,,,,,,,,,,,,,,,,,,,,
,,,,,,,,,,,,,,,,,,,,,,,,
,,,,,,,,,,,,,,,,,,,,,,,,
,,,,,,,,,,,,,,,,,,,,,,,,
,,,,,,,,,,,,,,,,,,,,,,,,
,,,,,,,,,,,,,,,,,,,,,,,,
,,,,,,,,,,,,,,,,,,,,,,,,
,,,,,,,,,,,,,,,,,,,,,,,,
,,,,,,,,,,,,,,,,,,,,,,,,
,,,,,,,,,,,,,,,,,,,,,,,,
,,,,,,,,,,,,,,,,,,,,,,,,
,,,,,,,,,,,,,,,,,,,,,,,,
,,,,,,,,,,,,,,,,,,,,,,,,
,,,,,,,,,,,,,,,,,,,,,,,,
,,,,,,,,,,,,,,,,,,,,,,,,
,,,,,,,,,,,,,,,,,,,,,,,,
,,,,,,,,,,,,,,,,,,,,,,,,
,,,,,,,,,,,,,,,,,,,,,,,,
,,,,,,,,,,,,,,,,,,,,,,,,
,,,,,,,,,,,,,,,,,,,,,,,,
,,,,,,,,,,,,,,,,,,,,,,,,
,,,,,,,,,,,,,,,,,,,,,,,,
,,,,,,,,,,,,,,,,,,,,,,,,
,,,,,,,,,,,,,,,,,,,,,,,,
,,,,,,,,,,,,,,,,,,,,,,,,
,,,,,,,,,,,,,,,,,,,,,,,,
,,,,,,,,,,,,,,,,,,,,,,,,
,,,,,,,,,,,,,,,,,,,,,,,,
,,,,,,,,,,,,,,,,,,,,,,,,
,,,,,,,,,,,,,,,,,,,,,,,,
,,,,,,,,,,,,,,,,,,,,,,,,
,,,,,,,,,,,,,,,,,,,,,,,,
,,,,,,,,,,,,,,,,,,,,,,,,
,,,,,,,,,,,,,,,,,,,,,,,,
,,,,,,,,,,,,,,,,,,,,,,,,
,,,,,,,,,,,,,,,,,,,,,,,,
,,,,,,,,,,,,,,,,,,,,,,,,
,,,,,,,,,,,,,,,,,,,,,,,,
,,,,,,,,,,,,,,,,,,,,,,,,
,,,,,,,,,,,,,,,,,,,,,,,,
,,,,,,,,,,,,,,,,,,,,,,,,
,,,,,,,,,,,,,,,,,,,,,,,,
,,,,,,,,,,,,,,,,,,,,,,,,
,,,,,,,,,,,,,,,,,,,,,,,,
,,,,,,,,,,,,,,,,,,,,,,,,
,,,,,,,,,,,,,,,,,,,,,,,,
,,,,,,,,,,,,,,,,,,,,,,,,
,,,,,,,,,,,,,,,,,,,,,,,,
,,,,,,,,,,,,,,,,,,,,,,,,
,,,,,,,,,,,,,,,,,,,,,,,,
,,,,,,,,,,,,,,,,,,,,,,,,
,,,,,,,,,,,,,,,,,,,,,,,,
,,,,,,,,,,,,,,,,,,,,,,,,
,,,,,,,,,,,,,,,,,,,,,,,,
,,,,,,,,,,,,,,,,,,,,,,,,
,,,,,,,,,,,,,,,,,,,,,,,,
,,,,,,,,,,,,,,,,,,,,,,,,
,,,,,,,,,,,,,,,,,,,,,,,,
,,,,,,,,,,,,,,,,,,,,,,,,
,,,,,,,,,,,,,,,,,,,,,,,,
,,,,,,,,,,,,,,,,,,,,,,,,
,,,,,,,,,,,,,,,,,,,,,,,,
,,,,,,,,,,,,,,,,,,,,,,,,
,,,,,,,,,,,,,,,,,,,,,,,,
,,,,,,,,,,,,,,,,,,,,,,,,
,,,,,,,,,,,,,,,,,,,,,,,,
,,,,,,,,,,,,,,,,,,,,,,,,
,,,,,,,,,,,,,,,,,,,,,,,,
,,,,,,,,,,,,,,,,,,,,,,,,
,,,,,,,,,,,,,,,,,,,,,,,,
,,,,,,,,,,,,,,,,,,,,,,,,
,,,,,,,,,,,,,,,,,,,,,,,,
,,,,,,,,,,,,,,,,,,,,,,,,
,,,,,,,,,,,,,,,,,,,,,,,,
,,,,,,,,,,,,,,,,,,,,,,,,
,,,,,,,,,,,,,,,,,,,,,,,,
,,,,,,,,,,,,,,,,,,,,,,,,
,,,,,,,,,,,,,,,,,,,,,,,,
,,,,,,,,,,,,,,,,,,,,,,,,
,,,,,,,,,,,,,,,,,,,,,,,,
,,,,,,,,,,,,,,,,,,,,,,,,
,,,,,,,,,,,,,,,,,,,,,,,,
,,,,,,,,,,,,,,,,,,,,,,,,
,,,,,,,,,,,,,,,,,,,,,,,,
,,,,,,,,,,,,,,,,,,,,,,,,
,,,,,,,,,,,,,,,,,,,,,,,,
,,,,,,,,,,,,,,,,,,,,,,,,
,,,,,,,,,,,,,,,,,,,,,,,,
,,,,,,,,,,,,,,,,,,,,,,,,
,,,,,,,,,,,,,,,,,,,,,,,,
,,,,,,,,,,,,,,,,,,,,,,,,
,,,,,,,,,,,,,,,,,,,,,,,,
,,,,,,,,,,,,,,,,,,,,,,,,
,,,,,,,,,,,,,,,,,,,,,,,,
,,,,,,,,,,,,,,,,,,,,,,,,
,,,,,,,,,,,,,,,,,,,,,,,,
,,,,,,,,,,,,,,,,,,,,,,,,
,,,,,,,,,,,,,,,,,,,,,,,,
,,,,,,,,,,,,,,,,,,,,,,,,
,,,,,,,,,,,,,,,,,,,,,,,,
,,,,,,,,,,,,,,,,,,,,,,,,
,,,,,,,,,,,,,,,,,,,,,,,,
,,,,,,,,,,,,,,,,,,,,,,,,
,,,,,,,,,,,,,,,,,,,,,,,,
,,,,,,,,,,,,,,,,,,,,,,,,
,,,,,,,,,,,,,,,,,,,,,,,,
,,,,,,,,,,,,,,,,,,,,,,,,
,,,,,,,,,,,,,,,,,,,,,,,,
,,,,,,,,,,,,,,,,,,,,,,,,
,,,,,,,,,,,,,,,,,,,,,,,,
,,,,,,,,,,,,,,,,,,,,,,,,
,,,,,,,,,,,,,,,,,,,,,,,,
,,,,,,,,,,,,,,,,,,,,,,,,
,,,,,,,,,,,,,,,,,,,,,,,,
,,,,,,,,,,,,,,,,,,,,,,,,
,,,,,,,,,,,,,,,,,,,,,,,,
,,,,,,,,,,,,,,,,,,,,,,,,
,,,,,,,,,,,,,,,,,,,,,,,,
,,,,,,,,,,,,,,,,,,,,,,,,
,,,,,,,,,,,,,,,,,,,,,,,,
,,,,,,,,,,,,,,,,,,,,,,,,
,,,,,,,,,,,,,,,,,,,,,,,,
,,,,,,,,,,,,,,,,,,,,,,,,
,,,,,,,,,,,,,,,,,,,,,,,,
,,,,,,,,,,,,,,,,,,,,,,,,
,,,,,,,,,,,,,,,,,,,,,,,,
,,,,,,,,,,,,,,,,,,,,,,,,
,,,,,,,,,,,,,,,,,,,,,,,,
,,,,,,,,,,,,,,,,,,,,,,,,
,,,,,,,,,,,,,,,,,,,,,,,,
,,,,,,,,,,,,,,,,,,,,,,,,
,,,,,,,,,,,,,,,,,,,,,,,,
,,,,,,,,,,,,,,,,,,,,,,,,
,,,,,,,,,,,,,,,,,,,,,,,,
,,,,,,,,,,,,,,,,,,,,,,,,
,,,,,,,,,,,,,,,,,,,,,,,,
,,,,,,,,,,,,,,,,,,,,,,,,
,,,,,,,,,,,,,,,,,,,,,,,,
,,,,,,,,,,,,,,,,,,,,,,,,
,,,,,,,,,,,,,,,,,,,,,,,,
,,,,,,,,,,,,,,,,,,,,,,,,
,,,,,,,,,,,,,,,,,,,,,,,,
,,,,,,,,,,,,,,,,,,,,,,,,
,,,,,,,,,,,,,,,,,,,,,,,,
,,,,,,,,,,,,,,,,,,,,,,,,
,,,,,,,,,,,,,,,,,,,,,,,,
,,,,,,,,,,,,,,,,,,,,,,,,
,,,,,,,,,,,,,,,,,,,,,,,,
,,,,,,,,,,,,,,,,,,,,,,,,
,,,,,,,,,,,,,,,,,,,,,,,,
,,,,,,,,,,,,,,,,,,,,,,,,
,,,,,,,,,,,,,,,,,,,,,,,,
,,,,,,,,,,,,,,,,,,,,,,,,
,,,,,,,,,,,,,,,,,,,,,,,,
,,,,,,,,,,,,,,,,,,,,,,,,
,,,,,,,,,,,,,,,,,,,,,,,,
,,,,,,,,,,,,,,,,,,,,,,,,
,,,,,,,,,,,,,,,,,,,,,,,,
,,,,,,,,,,,,,,,,,,,,,,,,
,,,,,,,,,,,,,,,,,,,,,,,,
,,,,,,,,,,,,,,,,,,,,,,,,
,,,,,,,,,,,,,,,,,,,,,,,,
,,,,,,,,,,,,,,,,,,,,,,,,
,,,,,,,,,,,,,,,,,,,,,,,,
,,,,,,,,,,,,,,,,,,,,,,,,
,,,,,,,,,,,,,,,,,,,,,,,,
,,,,,,,,,,,,,,,,,,,,,,,,
,,,,,,,,,,,,,,,,,,,,,,,,
,,,,,,,,,,,,,,,,,,,,,,,,
,,,,,,,,,,,,,,,,,,,,,,,,
,,,,,,,,,,,,,,,,,,,,,,,,
,,,,,,,,,,,,,,,,,,,,,,,,
,,,,,,,,,,,,,,,,,,,,,,,,
,,,,,,,,,,,,,,,,,,,,,,,,
,,,,,,,,,,,,,,,,,,,,,,,,
,,,,,,,,,,,,,,,,,,,,,,,,
,,,,,,,,,,,,,,,,,,,,,,,,
,,,,,,,,,,,,,,,,,,,,,,,,
,,,,,,,,,,,,,,,,,,,,,,,,
,,,,,,,,,,,,,,,,,,,,,,,,
,,,,,,,,,,,,,,,,,,,,,,,,
,,,,,,,,,,,,,,,,,,,,,,,,
,,,,,,,,,,,,,,,,,,,,,,,,
,,,,,,,,,,,,,,,,,,,,,,,,
,,,,,,,,,,,,,,,,,,,,,,,,
,,,,,,,,,,,,,,,,,,,,,,,,
,,,,,,,,,,,,,,,,,,,,,,,,
,,,,,,,,,,,,,,,,,,,,,,,,
,,,,,,,,,,,,,,,,,,,,,,,,
,,,,,,,,,,,,,,,,,,,,,,,,
,,,,,,,,,,,,,,,,,,,,,,,,
,,,,,,,,,,,,,,,,,,,,,,,,
,,,,,,,,,,,,,,,,,,,,,,,,
,,,,,,,,,,,,,,,,,,,,,,,,
,,,,,,,,,,,,,,,,,,,,,,,,
,,,,,,,,,,,,,,,,,,,,,,,,
,,,,,,,,,,,,,,,,,,,,,,,,
,,,,,,,,,,,,,,,,,,,,,,,,
,,,,,,,,,,,,,,,,,,,,,,,,
,,,,,,,,,,,,,,,,,,,,,,,,
,,,,,,,,,,,,,,,,,,,,,,,,
,,,,,,,,,,,,,,,,,,,,,,,,
,,,,,,,,,,,,,,,,,,,,,,,,
,,,,,,,,,,,,,,,,,,,,,,,,
,,,,,,,,,,,,,,,,,,,,,,,,
,,,,,,,,,,,,,,,,,,,,,,,,
,,,,,,,,,,,,,,,,,,,,,,,,
,,,,,,,,,,,,,,,,,,,,,,,,
,,,,,,,,,,,,,,,,,,,,,,,,
,,,,,,,,,,,,,,,,,,,,,,,,
,,,,,,,,,,,,,,,,,,,,,,,,
,,,,,,,,,,,,,,,,,,,,,,,,
,,,,,,,,,,,,,,,,,,,,,,,,
,,,,,,,,,,,,,,,,,,,,,,,,
,,,,,,,,,,,,,,,,,,,,,,,,
,,,,,,,,,,,,,,,,,,,,,,,,
,,,,,,,,,,,,,,,,,,,,,,,,
,,,,,,,,,,,,,,,,,,,,,,,,
,,,,,,,,,,,,,,,,,,,,,,,,
,,,,,,,,,,,,,,,,,,,,,,,,
,,,,,,,,,,,,,,,,,,,,,,,,
,,,,,,,,,,,,,,,,,,,,,,,,
,,,,,,,,,,,,,,,,,,,,,,,,
,,,,,,,,,,,,,,,,,,,,,,,,
,,,,,,,,,,,,,,,,,,,,,,,,
,,,,,,,,,,,,,,,,,,,,,,,,
,,,,,,,,,,,,,,,,,,,,,,,,
,,,,,,,,,,,,,,,,,,,,,,,,
,,,,,,,,,,,,,,,,,,,,,,,,
,,,,,,,,,,,,,,,,,,,,,,,,
,,,,,,,,,,,,,,,,,,,,,,,,
,,,,,,,,,,,,,,,,,,,,,,,,
,,,,,,,,,,,,,,,,,,,,,,,,
,,,,,,,,,,,,,,,,,,,,,,,,
,,,,,,,,,,,,,,,,,,,,,,,,
,,,,,,,,,,,,,,,,,,,,,,,,
,,,,,,,,,,,,,,,,,,,,,,,,
,,,,,,,,,,,,,,,,,,,,,,,,
,,,,,,,,,,,,,,,,,,,,,,,,
,,,,,,,,,,,,,,,,,,,,,,,,
,,,,,,,,,,,,,,,,,,,,,,,,
,,,,,,,,,,,,,,,,,,,,,,,,
,,,,,,,,,,,,,,,,,,,,,,,,
,,,,,,,,,,,,,,,,,,,,,,,,
,,,,,,,,,,,,,,,,,,,,,,,,
,,,,,,,,,,,,,,,,,,,,,,,,
,,,,,,,,,,,,,,,,,,,,,,,,
,,,,,,,,,,,,,,,,,,,,,,,,
,,,,,,,,,,,,,,,,,,,,,,,,
,,,,,,,,,,,,,,,,,,,,,,,,
,,,,,,,,,,,,,,,,,,,,,,,,
,,,,,,,,,,,,,,,,,,,,,,,,
,,,,,,,,,,,,,,,,,,,,,,,,
,,,,,,,,,,,,,,,,,,,,,,,,
,,,,,,,,,,,,,,,,,,,,,,,,
,,,,,,,,,,,,,,,,,,,,,,,,
,,,,,,,,,,,,,,,,,,,,,,,,
,,,,,,,,,,,,,,,,,,,,,,,,
,,,,,,,,,,,,,,,,,,,,,,,,
,,,,,,,,,,,,,,,,,,,,,,,,
,,,,,,,,,,,,,,,,,,,,,,,,
,,,,,,,,,,,,,,,,,,,,,,,,
,,,,,,,,,,,,,,,,,,,,,,,,
,,,,,,,,,,,,,,,,,,,,,,,,
,,,,,,,,,,,,,,,,,,,,,,,,
,,,,,,,,,,,,,,,,,,,,,,,,
,,,,,,,,,,,,,,,,,,,,,,,,
,,,,,,,,,,,,,,,,,,,,,,,,
,,,,,,,,,,,,,,,,,,,,,,,,
,,,,,,,,,,,,,,,,,,,,,,,,
,,,,,,,,,,,,,,,,,,,,,,,,
,,,,,,,,,,,,,,,,,,,,,,,,
,,,,,,,,,,,,,,,,,,,,,,,,
,,,,,,,,,,,,,,,,,,,,,,,,
,,,,,,,,,,,,,,,,,,,,,,,,
,,,,,,,,,,,,,,,,,,,,,,,,
,,,,,,,,,,,,,,,,,,,,,,,,
,,,,,,,,,,,,,,,,,,,,,,,,
,,,,,,,,,,,,,,,,,,,,,,,,
,,,,,,,,,,,,,,,,,,,,,,,,
,,,,,,,,,,,,,,,,,,,,,,,,
,,,,,,,,,,,,,,,,,,,,,,,,
,,,,,,,,,,,,,,,,,,,,,,,,
,,,,,,,,,,,,,,,,,,,,,,,,
,,,,,,,,,,,,,,,,,,,,,,,,
,,,,,,,,,,,,,,,,,,,,,,,,
,,,,,,,,,,,,,,,,,,,,,,,,
,,,,,,,,,,,,,,,,,,,,,,,,
,,,,,,,,,,,,,,,,,,,,,,,,
,,,,,,,,,,,,,,,,,,,,,,,,
,,,,,,,,,,,,,,,,,,,,,,,,
,,,,,,,,,,,,,,,,,,,,,,,,
,,,,,,,,,,,,,,,,,,,,,,,,
,,,,,,,,,,,,,,,,,,,,,,,,
,,,,,,,,,,,,,,,,,,,,,,,,
,,,,,,,,,,,,,,,,,,,,,,,,
,,,,,,,,,,,,,,,,,,,,,,,,
,,,,,,,,,,,,,,,,,,,,,,,,
,,,,,,,,,,,,,,,,,,,,,,,,
,,,,,,,,,,,,,,,,,,,,,,,,
,,,,,,,,,,,,,,,,,,,,,,,,
,,,,,,,,,,,,,,,,,,,,,,,,
,,,,,,,,,,,,,,,,,,,,,,,,
,,,,,,,,,,,,,,,,,,,,,,,,
,,,,,,,,,,,,,,,,,,,,,,,,
,,,,,,,,,,,,,,,,,,,,,,,,
,,,,,,,,,,,,,,,,,,,,,,,,
,,,,,,,,,,,,,,,,,,,,,,,,
,,,,,,,,,,,,,,,,,,,,,,,,
,,,,,,,,,,,,,,,,,,,,,,,,
,,,,,,,,,,,,,,,,,,,,,,,,
,,,,,,,,,,,,,,,,,,,,,,,,
,,,,,,,,,,,,,,,,,,,,,,,,
,,,,,,,,,,,,,,,,,,,,,,,,
,,,,,,,,,,,,,,,,,,,,,,,,
,,,,,,,,,,,,,,,,,,,,,,,,
,,,,,,,,,,,,,,,,,,,,,,,,
,,,,,,,,,,,,,,,,,,,,,,,,
,,,,,,,,,,,,,,,,,,,,,,,,
,,,,,,,,,,,,,,,,,,,,,,,,
,,,,,,,,,,,,,,,,,,,,,,,,
,,,,,,,,,,,,,,,,,,,,,,,,
,,,,,,,,,,,,,,,,,,,,,,,,
,,,,,,,,,,,,,,,,,,,,,,,,
,,,,,,,,,,,,,,,,,,,,,,,,
,,,,,,,,,,,,,,,,,,,,,,,,
,,,,,,,,,,,,,,,,,,,,,,,,
,,,,,,,,,,,,,,,,,,,,,,,,
,,,,,,,,,,,,,,,,,,,,,,,,
,,,,,,,,,,,,,,,,,,,,,,,,
,,,,,,,,,,,,,,,,,,,,,,,,
,,,,,,,,,,,,,,,,,,,,,,,,
,,,,,,,,,,,,,,,,,,,,,,,,
,,,,,,,,,,,,,,,,,,,,,,,,
,,,,,,,,,,,,,,,,,,,,,,,,
,,,,,,,,,,,,,,,,,,,,,,,,
,,,,,,,,,,,,,,,,,,,,,,,,
,,,,,,,,,,,,,,,,,,,,,,,,
,,,,,,,,,,,,,,,,,,,,,,,,
,,,,,,,,,,,,,,,,,,,,,,,,
,,,,,,,,,,,,,,,,,,,,,,,,
,,,,,,,,,,,,,,,,,,,,,,,,
,,,,,,,,,,,,,,,,,,,,,,,,
,,,,,,,,,,,,,,,,,,,,,,,,
,,,,,,,,,,,,,,,,,,,,,,,,
,,,,,,,,,,,,,,,,,,,,,,,,
,,,,,,,,,,,,,,,,,,,,,,,,
,,,,,,,,,,,,,,,,,,,,,,,,
,,,,,,,,,,,,,,,,,,,,,,,,
,,,,,,,,,,,,,,,,,,,,,,,,
,,,,,,,,,,,,,,,,,,,,,,,,
,,,,,,,,,,,,,,,,,,,,,,,,
,,,,,,,,,,,,,,,,,,,,,,,,
,,,,,,,,,,,,,,,,,,,,,,,,
,,,,,,,,,,,,,,,,,,,,,,,,
,,,,,,,,,,,,,,,,,,,,,,,,
,,,,,,,,,,,,,,,,,,,,,,,,
,,,,,,,,,,,,,,,,,,,,,,,,
,,,,,,,,,,,,,,,,,,,,,,,,
,,,,,,,,,,,,,,,,,,,,,,,,
,,,,,,,,,,,,,,,,,,,,,,,,
,,,,,,,,,,,,,,,,,,,,,,,,
,,,,,,,,,,,,,,,,,,,,,,,,
,,,,,,,,,,,,,,,,,,,,,,,,
,,,,,,,,,,,,,,,,,,,,,,,,
,,,,,,,,,,,,,,,,,,,,,,,,
,,,,,,,,,,,,,,,,,,,,,,,,
,,,,,,,,,,,,,,,,,,,,,,,,
,,,,,,,,,,,,,,,,,,,,,,,,
,,,,,,,,,,,,,,,,,,,,,,,,
,,,,,,,,,,,,,,,,,,,,,,,,
,,,,,,,,,,,,,,,,,,,,,,,,
,,,,,,,,,,,,,,,,,,,,,,,,
,,,,,,,,,,,,,,,,,,,,,,,,
,,,,,,,,,,,,,,,,,,,,,,,,
,,,,,,,,,,,,,,,,,,,,,,,,
,,,,,,,,,,,,,,,,,,,,,,,,
,,,,,,,,,,,,,,,,,,,,,,,,
,,,,,,,,,,,,,,,,,,,,,,,,
,,,,,,,,,,,,,,,,,,,,,,,,
,,,,,,,,,,,,,,,,,,,,,,,,
,,,,,,,,,,,,,,,,,,,,,,,,
,,,,,,,,,,,,,,,,,,,,,,,,
,,,,,,,,,,,,,,,,,,,,,,,,
,,,,,,,,,,,,,,,,,,,,,,,,
,,,,,,,,,,,,,,,,,,,,,,,,
,,,,,,,,,,,,,,,,,,,,,,,,
,,,,,,,,,,,,,,,,,,,,,,,,
,,,,,,,,,,,,,,,,,,,,,,,,
,,,,,,,,,,,,,,,,,,,,,,,,
,,,,,,,,,,,,,,,,,,,,,,,,
,,,,,,,,,,,,,,,,,,,,,,,,
,,,,,,,,,,,,,,,,,,,,,,,,
,,,,,,,,,,,,,,,,,,,,,,,,
,,,,,,,,,,,,,,,,,,,,,,,,
,,,,,,,,,,,,,,,,,,,,,,,,
,,,,,,,,,,,,,,,,,,,,,,,,
,,,,,,,,,,,,,,,,,,,,,,,,
,,,,,,,,,,,,,,,,,,,,,,,,
,,,,,,,,,,,,,,,,,,,,,,,,
,,,,,,,,,,,,,,,,,,,,,,,,
,,,,,,,,,,,,,,,,,,,,,,,,
,,,,,,,,,,,,,,,,,,,,,,,,
,,,,,,,,,,,,,,,,,,,,,,,,
,,,,,,,,,,,,,,,,,,,,,,,,
,,,,,,,,,,,,,,,,,,,,,,,,
,,,,,,,,,,,,,,,,,,,,,,,,
,,,,,,,,,,,,,,,,,,,,,,,,
,,,,,,,,,,,,,,,,,,,,,,,,
,,,,,,,,,,,,,,,,,,,,,,,,
,,,,,,,,,,,,,,,,,,,,,,,,
,,,,,,,,,,,,,,,,,,,,,,,,
,,,,,,,,,,,,,,,,,,,,,,,,
,,,,,,,,,,,,,,,,,,,,,,,,
,,,,,,,,,,,,,,,,,,,,,,,,
,,,,,,,,,,,,,,,,,,,,,,,,
,,,,,,,,,,,,,,,,,,,,,,,,
,,,,,,,,,,,,,,,,,,,,,,,,
,,,,,,,,,,,,,,,,,,,,,,,,
,,,,,,,,,,,,,,,,,,,,,,,,
,,,,,,,,,,,,,,,,,,,,,,,,
,,,,,,,,,,,,,,,,,,,,,,,,
,,,,,,,,,,,,,,,,,,,,,,,,
,,,,,,,,,,,,,,,,,,,,,,,,
,,,,,,,,,,,,,,,,,,,,,,,,
,,,,,,,,,,,,,,,,,,,,,,,,
,,,,,,,,,,,,,,,,,,,,,,,,
,,,,,,,,,,,,,,,,,,,,,,,,
,,,,,,,,,,,,,,,,,,,,,,,,
,,,,,,,,,,,,,,,,,,,,,,,,
,,,,,,,,,,,,,,,,,,,,,,,,
,,,,,,,,,,,,,,,,,,,,,,,,
,,,,,,,,,,,,,,,,,,,,,,,,
,,,,,,,,,,,,,,,,,,,,,,,,
,,,,,,,,,,,,,,,,,,,,,,,,
,,,,,,,,,,,,,,,,,,,,,,,,
,,,,,,,,,,,,,,,,,,,,,,,,
,,,,,,,,,,,,,,,,,,,,,,,,
,,,,,,,,,,,,,,,,,,,,,,,,
,,,,,,,,,,,,,,,,,,,,,,,,
,,,,,,,,,,,,,,,,,,,,,,,,
,,,,,,,,,,,,,,,,,,,,,,,,
,,,,,,,,,,,,,,,,,,,,,,,,
,,,,,,,,,,,,,,,,,,,,,,,,
,,,,,,,,,,,,,,,,,,,,,,,,
,,,,,,,,,,,,,,,,,,,,,,,,
,,,,,,,,,,,,,,,,,,,,,,,,
,,,,,,,,,,,,,,,,,,,,,,,,
,,,,,,,,,,,,,,,,,,,,,,,,
,,,,,,,,,,,,,,,,,,,,,,,,
,,,,,,,,,,,,,,,,,,,,,,,,
,,,,,,,,,,,,,,,,,,,,,,,,
,,,,,,,,,,,,,,,,,,,,,,,,
,,,,,,,,,,,,,,,,,,,,,,,,
,,,,,,,,,,,,,,,,,,,,,,,,
,,,,,,,,,,,,,,,,,,,,,,,,
,,,,,,,,,,,,,,,,,,,,,,,,
,,,,,,,,,,,,,,,,,,,,,,,,
,,,,,,,,,,,,,,,,,,,,,,,,
,,,,,,,,,,,,,,,,,,,,,,,,
,,,,,,,,,,,,,,,,,,,,,,,,
,,,,,,,,,,,,,,,,,,,,,,,,
,,,,,,,,,,,,,,,,,,,,,,,,
,,,,,,,,,,,,,,,,,,,,,,,,
,,,,,,,,,,,,,,,,,,,,,,,,
,,,,,,,,,,,,,,,,,,,,,,,,
,,,,,,,,,,,,,,,,,,,,,,,,
,,,,,,,,,,,,,,,,,,,,,,,,
,,,,,,,,,,,,,,,,,,,,,,,,
,,,,,,,,,,,,,,,,,,,,,,,,
,,,,,,,,,,,,,,,,,,,,,,,,
,,,,,,,,,,,,,,,,,,,,,,,,
,,,,,,,,,,,,,,,,,,,,,,,,
,,,,,,,,,,,,,,,,,,,,,,,,
,,,,,,,,,,,,,,,,,,,,,,,,
,,,,,,,,,,,,,,,,,,,,,,,,
,,,,,,,,,,,,,,,,,,,,,,,,
,,,,,,,,,,,,,,,,,,,,,,,,
,,,,,,,,,,,,,,,,,,,,,,,,
,,,,,,,,,,,,,,,,,,,,,,,,
,,,,,,,,,,,,,,,,,,,,,,,,
,,,,,,,,,,,,,,,,,,,,,,,,
,,,,,,,,,,,,,,,,,,,,,,,,
,,,,,,,,,,,,,,,,,,,,,,,,
,,,,,,,,,,,,,,,,,,,,,,,,
,,,,,,,,,,,,,,,,,,,,,,,,
,,,,,,,,,,,,,,,,,,,,,,,,
,,,,,,,,,,,,,,,,,,,,,,,,
,,,,,,,,,,,,,,,,,,,,,,,,
,,,,,,,,,,,,,,,,,,,,,,,,
,,,,,,,,,,,,,,,,,,,,,,,,
,,,,,,,,,,,,,,,,,,,,,,,,
,,,,,,,,,,,,,,,,,,,,,,,,
,,,,,,,,,,,,,,,,,,,,,,,,
,,,,,,,,,,,,,,,,,,,,,,,,
,,,,,,,,,,,,,,,,,,,,,,,,
,,,,,,,,,,,,,,,,,,,,,,,,
,,,,,,,,,,,,,,,,,,,,,,,,
,,,,,,,,,,,,,,,,,,,,,,,,
,,,,,,,,,,,,,,,,,,,,,,,,
,,,,,,,,,,,,,,,,,,,,,,,,
,,,,,,,,,,,,,,,,,,,,,,,,
,,,,,,,,,,,,,,,,,,,,,,,,
,,,,,,,,,,,,,,,,,,,,,,,,
,,,,,,,,,,,,,,,,,,,,,,,,
,,,,,,,,,,,,,,,,,,,,,,,,
,,,,,,,,,,,,,,,,,,,,,,,,
,,,,,,,,,,,,,,,,,,,,,,,,
,,,,,,,,,,,,,,,,,,,,,,,,
,,,,,,,,,,,,,,,,,,,,,,,,
,,,,,,,,,,,,,,,,,,,,,,,,
,,,,,,,,,,,,,,,,,,,,,,,,
,,,,,,,,,,,,,,,,,,,,,,,,
,,,,,,,,,,,,,,,,,,,,,,,,
,,,,,,,,,,,,,,,,,,,,,,,,
,,,,,,,,,,,,,,,,,,,,,,,,
,,,,,,,,,,,,,,,,,,,,,,,,
,,,,,,,,,,,,,,,,,,,,,,,,
,,,,,,,,,,,,,,,,,,,,,,,,
,,,,,,,,,,,,,,,,,,,,,,,,
,,,,,,,,,,,,,,,,,,,,,,,,
,,,,,,,,,,,,,,,,,,,,,,,,
,,,,,,,,,,,,,,,,,,,,,,,,
,,,,,,,,,,,,,,,,,,,,,,,,
,,,,,,,,,,,,,,,,,,,,,,,,
,,,,,,,,,,,,,,,,,,,,,,,,
,,,,,,,,,,,,,,,,,,,,,,,,
,,,,,,,,,,,,,,,,,,,,,,,,
,,,,,,,,,,,,,,,,,,,,,,,,
,,,,,,,,,,,,,,,,,,,,,,,,
,,,,,,,,,,,,,,,,,,,,,,,,
,,,,,,,,,,,,,,,,,,,,,,,,
,,,,,,,,,,,,,,,,,,,,,,,,
,,,,,,,,,,,,,,,,,,,,,,,,
,,,,,,,,,,,,,,,,,,,,,,,,
,,,,,,,,,,,,,,,,,,,,,,,,
,,,,,,,,,,,,,,,,,,,,,,,,
,,,,,,,,,,,,,,,,,,,,,,,,
,,,,,,,,,,,,,,,,,,,,,,,,
,,,,,,,,,,,,,,,,,,,,,,,,
,,,,,,,,,,,,,,,,,,,,,,,,
,,,,,,,,,,,,,,,,,,,,,,,,
,,,,,,,,,,,,,,,,,,,,,,,,
,,,,,,,,,,,,,,,,,,,,,,,,
,,,,,,,,,,,,,,,,,,,,,,,,
,,,,,,,,,,,,,,,,,,,,,,,,
,,,,,,,,,,,,,,,,,,,,,,,,
,,,,,,,,,,,,,,,,,,,,,,,,
,,,,,,,,,,,,,,,,,,,,,,,,
,,,,,,,,,,,,,,,,,,,,,,,,
,,,,,,,,,,,,,,,,,,,,,,,,
,,,,,,,,,,,,,,,,,,,,,,,,
,,,,,,,,,,,,,,,,,,,,,,,,
,,,,,,,,,,,,,,,,,,,,,,,,
,,,,,,,,,,,,,,,,,,,,,,,,
,,,,,,,,,,,,,,,,,,,,,,,,
,,,,,,,,,,,,,,,,,,,,,,,,
,,,,,,,,,,,,,,,,,,,,,,,,
,,,,,,,,,,,,,,,,,,,,,,,,
,,,,,,,,,,,,,,,,,,,,,,,,
,,,,,,,,,,,,,,,,,,,,,,,,
,,,,,,,,,,,,,,,,,,,,,,,,
,,,,,,,,,,,,,,,,,,,,,,,,
,,,,,,,,,,,,,,,,,,,,,,,,
,,,,,,,,,,,,,,,,,,,,,,,,
,,,,,,,,,,,,,,,,,,,,,,,,
,,,,,,,,,,,,,,,,,,,,,,,,
,,,,,,,,,,,,,,,,,,,,,,,,
,,,,,,,,,,,,,,,,,,,,,,,,
,,,,,,,,,,,,,,,,,,,,,,,,
,,,,,,,,,,,,,,,,,,,,,,,,
,,,,,,,,,,,,,,,,,,,,,,,,
,,,,,,,,,,,,,,,,,,,,,,,,
,,,,,,,,,,,,,,,,,,,,,,,,
,,,,,,,,,,,,,,,,,,,,,,,,
,,,,,,,,,,,,,,,,,,,,,,,,
,,,,,,,,,,,,,,,,,,,,,,,,
,,,,,,,,,,,,,,,,,,,,,,,,
,,,,,,,,,,,,,,,,,,,,,,,,
,,,,,,,,,,,,,,,,,,,,,,,,
,,,,,,,,,,,,,,,,,,,,,,,,
,,,,,,,,,,,,,,,,,,,,,,,,
,,,,,,,,,,,,,,,,,,,,,,,,
,,,,,,,,,,,,,,,,,,,,,,,,
,,,,,,,,,,,,,,,,,,,,,,,,
,,,,,,,,,,,,,,,,,,,,,,,,
,,,,,,,,,,,,,,,,,,,,,,,,
,,,,,,,,,,,,,,,,,,,,,,,,
,,,,,,,,,,,,,,,,,,,,,,,,
,,,,,,,,,,,,,,,,,,,,,,,,
,,,,,,,,,,,,,,,,,,,,,,,,
,,,,,,,,,,,,,,,,,,,,,,,,
,,,,,,,,,,,,,,,,,,,,,,,,
,,,,,,,,,,,,,,,,,,,,,,,,
,,,,,,,,,,,,,,,,,,,,,,,,
,,,,,,,,,,,,,,,,,,,,,,,,
,,,,,,,,,,,,,,,,,,,,,,,,
,,,,,,,,,,,,,,,,,,,,,,,,
,,,,,,,,,,,,,,,,,,,,,,,,
,,,,,,,,,,,,,,,,,,,,,,,,
,,,,,,,,,,,,,,,,,,,,,,,,
,,,,,,,,,,,,,,,,,,,,,,,,
,,,,,,,,,,,,,,,,,,,,,,,,
,,,,,,,,,,,,,,,,,,,,,,,,
,,,,,,,,,,,,,,,,,,,,,,,,
,,,,,,,,,,,,,,,,,,,,,,,,
,,,,,,,,,,,,,,,,,,,,,,,,
,,,,,,,,,,,,,,,,,,,,,,,,
,,,,,,,,,,,,,,,,,,,,,,,,
,,,,,,,,,,,,,,,,,,,,,,,,
,,,,,,,,,,,,,,,,,,,,,,,,
,,,,,,,,,,,,,,,,,,,,,,,,
,,,,,,,,,,,,,,,,,,,,,,,,
,,,,,,,,,,,,,,,,,,,,,,,,
,,,,,,,,,,,,,,,,,,,,,,,,
,,,,,,,,,,,,,,,,,,,,,,,,
,,,,,,,,,,,,,,,,,,,,,,,,
,,,,,,,,,,,,,,,,,,,,,,,,
,,,,,,,,,,,,,,,,,,,,,,,,
,,,,,,,,,,,,,,,,,,,,,,,,
,,,,,,,,,,,,,,,,,,,,,,,,
,,,,,,,,,,,,,,,,,,,,,,,,
,,,,,,,,,,,,,,,,,,,,,,,,
,,,,,,,,,,,,,,,,,,,,,,,,
,,,,,,,,,,,,,,,,,,,,,,,,
,,,,,,,,,,,,,,,,,,,,,,,,
,,,,,,,,,,,,,,,,,,,,,,,,
,,,,,,,,,,,,,,,,,,,,,,,,
,,,,,,,,,,,,,,,,,,,,,,,,
,,,,,,,,,,,,,,,,,,,,,,,,
,,,,,,,,,,,,,,,,,,,,,,,,
,,,,,,,,,,,,,,,,,,,,,,,,
,,,,,,,,,,,,,,,,,,,,,,,,
,,,,,,,,,,,,,,,,,,,,,,,,
,,,,,,,,,,,,,,,,,,,,,,,,
,,,,,,,,,,,,,,,,,,,,,,,,
,,,,,,,,,,,,,,,,,,,,,,,,
,,,,,,,,,,,,,,,,,,,,,,,,
,,,,,,,,,,,,,,,,,,,,,,,,
,,,,,,,,,,,,,,,,,,,,,,,,
,,,,,,,,,,,,,,,,,,,,,,,,
,,,,,,,,,,,,,,,,,,,,,,,,
,,,,,,,,,,,,,,,,,,,,,,,,
,,,,,,,,,,,,,,,,,,,,,,,,
,,,,,,,,,,,,,,,,,,,,,,,,
,,,,,,,,,,,,,,,,,,,,,,,,
,,,,,,,,,,,,,,,,,,,,,,,,
,,,,,,,,,,,,,,,,,,,,,,,,
,,,,,,,,,,,,,,,,,,,,,,,,
,,,,,,,,,,,,,,,,,,,,,,,,
,,,,,,,,,,,,,,,,,,,,,,,,
,,,,,,,,,,,,,,,,,,,,,,,,
,,,,,,,,,,,,,,,,,,,,,,,,
,,,,,,,,,,,,,,,,,,,,,,,,
,,,,,,,,,,,,,,,,,,,,,,,,
,,,,,,,,,,,,,,,,,,,,,,,,
,,,,,,,,,,,,,,,,,,,,,,,,
,,,,,,,,,,,,,,,,,,,,,,,,
,,,,,,,,,,,,,,,,,,,,,,,,
,,,,,,,,,,,,,,,,,,,,,,,,
,,,,,,,,,,,,,,,,,,,,,,,,
,,,,,,,,,,,,,,,,,,,,,,,,
,,,,,,,,,,,,,,,,,,,,,,,,
,,,,,,,,,,,,,,,,,,,,,,,,
,,,,,,,,,,,,,,,,,,,,,,,,
,,,,,,,,,,,,,,,,,,,,,,,,
,,,,,,,,,,,,,,,,,,,,,,,,
,,,,,,,,,,,,,,,,,,,,,,,,
,,,,,,,,,,,,,,,,,,,,,,,,
,,,,,,,,,,,,,,,,,,,,,,,,
,,,,,,,,,,,,,,,,,,,,,,,,
,,,,,,,,,,,,,,,,,,,,,,,,
,,,,,,,,,,,,,,,,,,,,,,,,
,,,,,,,,,,,,,,,,,,,,,,,,
,,,,,,,,,,,,,,,,,,,,,,,,
,,,,,,,,,,,,,,,,,,,,,,,,
,,,,,,,,,,,,,,,,,,,,,,,,
,,,,,,,,,,,,,,,,,,,,,,,,
,,,,,,,,,,,,,,,,,,,,,,,,
,,,,,,,,,,,,,,,,,,,,,,,,
,,,,,,,,,,,,,,,,,,,,,,,,
,,,,,,,,,,,,,,,,,,,,,,,,
,,,,,,,,,,,,,,,,,,,,,,,,
,,,,,,,,,,,,,,,,,,,,,,,,
,,,,,,,,,,,,,,,,,,,,,,,,
,,,,,,,,,,,,,,,,,,,,,,,,
,,,,,,,,,,,,,,,,,,,,,,,,
,,,,,,,,,,,,,,,,,,,,,,,,
,,,,,,,,,,,,,,,,,,,,,,,,
,,,,,,,,,,,,,,,,,,,,,,,,
,,,,,,,,,,,,,,,,,,,,,,,,
,,,,,,,,,,,,,,,,,,,,,,,,
,,,,,,,,,,,,,,,,,,,,,,,,
,,,,,,,,,,,,,,,,,,,,,,,,
,,,,,,,,,,,,,,,,,,,,,,,,
,,,,,,,,,,,,,,,,,,,,,,,,
,,,,,,,,,,,,,,,,,,,,,,,,
,,,,,,,,,,,,,,,,,,,,,,,,
,,,,,,,,,,,,,,,,,,,,,,,,
,,,,,,,,,,,,,,,,,,,,,,,,
,,,,,,,,,,,,,,,,,,,,,,,,
,,,,,,,,,,,,,,,,,,,,,,,,
,,,,,,,,,,,,,,,,,,,,,,,,
,,,,,,,,,,,,,,,,,,,,,,,,
,,,,,,,,,,,,,,,,,,,,,,,,
,,,,,,,,,,,,,,,,,,,,,,,,
,,,,,,,,,,,,,,,,,,,,,,,,
,,,,,,,,,,,,,,,,,,,,,,,,
,,,,,,,,,,,,,,,,,,,,,,,,
,,,,,,,,,,,,,,,,,,,,,,,,
,,,,,,,,,,,,,,,,,,,,,,,,
,,,,,,,,,,,,,,,,,,,,,,,,
,,,,,,,,,,,,,,,,,,,,,,,,
,,,,,,,,,,,,,,,,,,,,,,,,
,,,,,,,,,,,,,,,,,,,,,,,,
,,,,,,,,,,,,,,,,,,,,,,,,
,,,,,,,,,,,,,,,,,,,,,,,,
,,,,,,,,,,,,,,,,,,,,,,,,
,,,,,,,,,,,,,,,,,,,,,,,,
,,,,,,,,,,,,,,,,,,,,,,,,
,,,,,,,,,,,,,,,,,,,,,,,,
,,,,,,,,,,,,,,,,,,,,,,,,
,,,,,,,,,,,,,,,,,,,,,,,,
,,,,,,,,,,,,,,,,,,,,,,,,
,,,,,,,,,,,,,,,,,,,,,,,,
,,,,,,,,,,,,,,,,,,,,,,,,
,,,,,,,,,,,,,,,,,,,,,,,,
,,,,,,,,,,,,,,,,,,,,,,,,
,,,,,,,,,,,,,,,,,,,,,,,,
,,,,,,,,,,,,,,,,,,,,,,,,
,,,,,,,,,,,,,,,,,,,,,,,,
,,,,,,,,,,,,,,,,,,,,,,,,
,,,,,,,,,,,,,,,,,,,,,,,,
,,,,,,,,,,,,,,,,,,,,,,,,
,,,,,,,,,,,,,,,,,,,,,,,,
,,,,,,,,,,,,,,,,,,,,,,,,
,,,,,,,,,,,,,,,,,,,,,,,,
,,,,,,,,,,,,,,,,,,,,,,,,
,,,,,,,,,,,,,,,,,,,,,,,,
,,,,,,,,,,,,,,,,,,,,,,,,
,,,,,,,,,,,,,,,,,,,,,,,,
,,,,,,,,,,,,,,,,,,,,,,,,
,,,,,,,,,,,,,,,,,,,,,,,,
,,,,,,,,,,,,,,,,,,,,,,,,
,,,,,,,,,,,,,,,,,,,,,,,,
,,,,,,,,,,,,,,,,,,,,,,,,
,,,,,,,,,,,,,,,,,,,,,,,,
,,,,,,,,,,,,,,,,,,,,,,,,
,,,,,,,,,,,,,,,,,,,,,,,,
,,,,,,,,,,,,,,,,,,,,,,,,
,,,,,,,,,,,,,,,,,,,,,,,,
,,,,,,,,,,,,,,,,,,,,,,,,
,,,,,,,,,,,,,,,,,,,,,,,,
,,,,,,,,,,,,,,,,,,,,,,,,
,,,,,,,,,,,,,,,,,,,,,,,,
,,,,,,,,,,,,,,,,,,,,,,,,
,,,,,,,,,,,,,,,,,,,,,,,,
,,,,,,,,,,,,,,,,,,,,,,,,
,,,,,,,,,,,,,,,,,,,,,,,,
,,,,,,,,,,,,,,,,,,,,,,,,
,,,,,,,,,,,,,,,,,,,,,,,,
,,,,,,,,,,,,,,,,,,,,,,,,
,,,,,,,,,,,,,,,,,,,,,,,,
,,,,,,,,,,,,,,,,,,,,,,,,
,,,,,,,,,,,,,,,,,,,,,,,,
,,,,,,,,,,,,,,,,,,,,,,,,
,,,,,,,,,,,,,,,,,,,,,,,,
,,,,,,,,,,,,,,,,,,,,,,,,
,,,,,,,,,,,,,,,,,,,,,,,,
,,,,,,,,,,,,,,,,,,,,,,,,
,,,,,,,,,,,,,,,,,,,,,,,,
,,,,,,,,,,,,,,,,,,,,,,,,
,,,,,,,,,,,,,,,,,,,,,,,,
,,,,,,,,,,,,,,,,,,,,,,,,
,,,,,,,,,,,,,,,,,,,,,,,,
,,,,,,,,,,,,,,,,,,,,,,,,
,,,,,,,,,,,,,,,,,,,,,,,,
,,,,,,,,,,,,,,,,,,,,,,,,
,,,,,,,,,,,,,,,,,,,,,,,,
,,,,,,,,,,,,,,,,,,,,,,,,
,,,,,,,,,,,,,,,,,,,,,,,,
,,,,,,,,,,,,,,,,,,,,,,,,
,,,,,,,,,,,,,,,,,,,,,,,,
,,,,,,,,,,,,,,,,,,,,,,,,
,,,,,,,,,,,,,,,,,,,,,,,,
,,,,,,,,,,,,,,,,,,,,,,,,
,,,,,,,,,,,,,,,,,,,,,,,,
,,,,,,,,,,,,,,,,,,,,,,,,
,,,,,,,,,,,,,,,,,,,,,,,,
,,,,,,,,,,,,,,,,,,,,,,,,
,,,,,,,,,,,,,,,,,,,,,,,,
,,,,,,,,,,,,,,,,,,,,,,,,
,,,,,,,,,,,,,,,,,,,,,,,,
,,,,,,,,,,,,,,,,,,,,,,,,
,,,,,,,,,,,,,,,,,,,,,,,,
,,,,,,,,,,,,,,,,,,,,,,,,
,,,,,,,,,,,,,,,,,,,,,,,,
,,,,,,,,,,,,,,,,,,,,,,,,
,,,,,,,,,,,,,,,,,,,,,,,,
,,,,,,,,,,,,,,,,,,,,,,,,
,,,,,,,,,,,,,,,,,,,,,,,,
,,,,,,,,,,,,,,,,,,,,,,,,
,,,,,,,,,,,,,,,,,,,,,,,,
,,,,,,,,,,,,,,,,,,,,,,,,
,,,,,,,,,,,,,,,,,,,,,,,,
,,,,,,,,,,,,,,,,,,,,,,,,
,,,,,,,,,,,,,,,,,,,,,,,,
